TIME,GEO,AGE,SEX,UNIT,Value,Flag and Footnotes
2006,European Union (28 countries),Total,Total,Number,496436597,
2006,European Union (27 countries),Total,Total,Number,492124110,
2006,Euro area (19 countries),Total,Total,Number,329684938,
2006,Euro area (18 countries),Total,Total,Number,326395103,
2006,Belgium,Total,Total,Number,10511382,
2006,Bulgaria,Total,Total,Number,7629371,
2006,Czech Republic,Total,Total,Number,10223577,
2006,Denmark,Total,Total,Number,5427459,
2006,Germany (until 1990 former territory of the FRG),Total,Total,Number,82437995,
2006,Germany (including former GDR),Total,Total,Number,82437995,
2006,Estonia,Total,Total,Number,1350700,
2006,Ireland,Total,Total,Number,4208156,
2006,Greece,Total,Total,Number,11004716,
2006,Spain,Total,Total,Number,44009971,
2006,France,Total,Total,Number,63229635,
2006,France (metropolitan),Total,Total,Number,61399733,
2006,Croatia,Total,Total,Number,4312487,
2006,Italy,Total,Total,Number,58064214,
2006,Cyprus,Total,Total,Number,744013,
2006,Latvia,Total,Total,Number,2227874,
2006,Lithuania,Total,Total,Number,3289835,
2006,Luxembourg,Total,Total,Number,469086,
2006,Hungary,Total,Total,Number,10076581,
2006,Malta,Total,Total,Number,404999,
2006,Netherlands,Total,Total,Number,16334210,
2006,Austria,Total,Total,Number,8254298,
2006,Poland,Total,Total,Number,38157055,
2006,Portugal,Total,Total,Number,10511988,
2006,Romania,Total,Total,Number,21257016,
2006,Slovenia,Total,Total,Number,2003358,
2006,Slovakia,Total,Total,Number,5372928,
2006,Finland,Total,Total,Number,5255580,
2006,Sweden,Total,Total,Number,9047752,
2006,United Kingdom,Total,Total,Number,60620361,
2006,"European Economic Area (EU-28 plus IS, LI, NO)",Total,Total,Number,501411612,
2006,"European Economic Area (EU-27 plus IS, LI, NO)",Total,Total,Number,497099125,
2006,European Free Trade Association,Total,Total,Number,12434143,
2006,Iceland,Total,Total,Number,299891,
2006,Liechtenstein,Total,Total,Number,34905,
2006,Norway,Total,Total,Number,4640219,
2006,Switzerland,Total,Total,Number,7459128,
2006,Montenegro,Total,Total,Number,613109,
2006,"Former Yugoslav Republic of Macedonia, the",Total,Total,Number,2038514,
2006,Albania,Total,Total,Number,3149143,
2006,Serbia,Total,Total,Number,7425487,
2006,Turkey,Total,Total,Number,68860539,
2006,Andorra,Total,Total,Number,78549,
2006,Belarus,Total,Total,Number,9750540,
2006,Bosnia and Herzegovina,Total,Total,Number,3842650,
2006,Kosovo (under United Nations Security Council Resolution 1244/99),Total,Total,Number,2100000,
2006,Moldova,Total,Total,Number,3589936,
2006,Monaco,Total,Total,Number,,
2006,Russia,Total,Total,Number,142753551,
2006,San Marino,Total,Total,Number,29999,
2006,Ukraine,Total,Total,Number,46749170,
2006,Armenia,Total,Total,Number,3219234,
2006,Azerbaijan,Total,Total,Number,8436400,
2006,Georgia,Total,Total,Number,4401292,
2007,European Union (28 countries),Total,Total,Number,498300775,
2007,European Union (27 countries),Total,Total,Number,493987245,
2007,Euro area (19 countries),Total,Total,Number,331204579,
2007,Euro area (18 countries),Total,Total,Number,327954596,
2007,Belgium,Total,Total,Number,10584534,
2007,Bulgaria,Total,Total,Number,7572673,
2007,Czech Republic,Total,Total,Number,10254233,
2007,Denmark,Total,Total,Number,5447084,
2007,Germany (until 1990 former territory of the FRG),Total,Total,Number,82314906,
2007,Germany (including former GDR),Total,Total,Number,82314906,
2007,Estonia,Total,Total,Number,1342920,
2007,Ireland,Total,Total,Number,4340118,
2007,Greece,Total,Total,Number,11036008,
2007,Spain,Total,Total,Number,44784666,
2007,France,Total,Total,Number,63645065,
2007,France (metropolitan),Total,Total,Number,61795238,
2007,Croatia,Total,Total,Number,4313530,
2007,Italy,Total,Total,Number,58223744,
2007,Cyprus,Total,Total,Number,757916,
2007,Latvia,Total,Total,Number,2208840,
2007,Lithuania,Total,Total,Number,3249983,
2007,Luxembourg,Total,Total,Number,476187,
2007,Hungary,Total,Total,Number,10066158,
2007,Malta,Total,Total,Number,405616,
2007,Netherlands,Total,Total,Number,16357992,
2007,Austria,Total,Total,Number,8282984,
2007,Poland,Total,Total,Number,38125479,
2007,Portugal,Total,Total,Number,10532588,
2007,Romania,Total,Total,Number,21130503,
2007,Slovenia,Total,Total,Number,2010377,
2007,Slovakia,Total,Total,Number,5373180,
2007,Finland,Total,Total,Number,5276955,
2007,Sweden,Total,Total,Number,9113257,
2007,United Kingdom,Total,Total,Number,61073279,
2007,"European Economic Area (EU-28 plus IS, LI, NO)",Total,Total,Number,503324749,
2007,"European Economic Area (EU-27 plus IS, LI, NO)",Total,Total,Number,499011219,
2007,European Free Trade Association,Total,Total,Number,12532713,
2007,Iceland,Total,Total,Number,307672,
2007,Liechtenstein,Total,Total,Number,35168,
2007,Norway,Total,Total,Number,4681134,
2007,Switzerland,Total,Total,Number,7508739,
2007,Montenegro,Total,Total,Number,614624,
2007,"Former Yugoslav Republic of Macedonia, the",Total,Total,Number,2041941,
2007,Albania,Total,Total,Number,3152625,
2007,Serbia,Total,Total,Number,7397651,
2007,Turkey,Total,Total,Number,69729967,
2007,Andorra,Total,Total,Number,81222,
2007,Belarus,Total,Total,Number,9714461,
2007,Bosnia and Herzegovina,Total,Total,Number,3844017,
2007,Kosovo (under United Nations Security Council Resolution 1244/99),Total,Total,Number,2126708,
2007,Moldova,Total,Total,Number,3581110,
2007,Monaco,Total,Total,Number,,
2007,Russia,Total,Total,Number,142220968,
2007,San Marino,Total,Total,Number,30368,
2007,Ukraine,Total,Total,Number,46465691,
2007,Armenia,Total,Total,Number,3222953,
2007,Azerbaijan,Total,Total,Number,8532700,
2007,Georgia,Total,Total,Number,4394702,
2008,European Union (28 countries),Total,Total,Number,500297033,
2008,European Union (27 countries),Total,Total,Number,495985066,
2008,Euro area (19 countries),Total,Total,Number,333096775,
2008,Euro area (18 countries),Total,Total,Number,329884170,
2008,Belgium,Total,Total,Number,10666866,
2008,Bulgaria,Total,Total,Number,7518002,
2008,Czech Republic,Total,Total,Number,10343422,
2008,Denmark,Total,Total,Number,5475791,
2008,Germany (until 1990 former territory of the FRG),Total,Total,Number,82217837,
2008,Germany (including former GDR),Total,Total,Number,82217837,
2008,Estonia,Total,Total,Number,1338440,
2008,Ireland,Total,Total,Number,4457765,
2008,Greece,Total,Total,Number,11060937,
2008,Spain,Total,Total,Number,45668939,
2008,France,Total,Total,Number,64007193,
2008,France (metropolitan),Total,Total,Number,62134866,
2008,Croatia,Total,Total,Number,4311967,
2008,Italy,Total,Total,Number,58652875,
2008,Cyprus,Total,Total,Number,776333,
2008,Latvia,Total,Total,Number,2191810,
2008,Lithuania,Total,Total,Number,3212605,
2008,Luxembourg,Total,Total,Number,483799,
2008,Hungary,Total,Total,Number,10045401,
2008,Malta,Total,Total,Number,407832,
2008,Netherlands,Total,Total,Number,16405399,
2008,Austria,Total,Total,Number,8307989,
2008,Poland,Total,Total,Number,38115641,
2008,Portugal,Total,Total,Number,10553339,
2008,Romania,Total,Total,Number,20635460,
2008,Slovenia,Total,Total,Number,2010269,b
2008,Slovakia,Total,Total,Number,5376064,
2008,Finland,Total,Total,Number,5300484,
2008,Sweden,Total,Total,Number,9182927,
2008,United Kingdom,Total,Total,Number,61571647,
2008,"European Economic Area (EU-28 plus IS, LI, NO)",Total,Total,Number,505385019,
2008,"European Economic Area (EU-27 plus IS, LI, NO)",Total,Total,Number,501073052,
2008,European Free Trade Association,Total,Total,Number,12681480,
2008,Iceland,Total,Total,Number,315459,
2008,Liechtenstein,Total,Total,Number,35356,
2008,Norway,Total,Total,Number,4737171,
2008,Switzerland,Total,Total,Number,7593494,
2008,Montenegro,Total,Total,Number,615543,
2008,"Former Yugoslav Republic of Macedonia, the",Total,Total,Number,2045177,
2008,Albania,Total,Total,Number,3170050,
2008,Serbia,Total,Total,Number,7365507,
2008,Turkey,Total,Total,Number,70586256,
2008,Andorra,Total,Total,Number,83137,
2008,Belarus,Total,Total,Number,9689770,
2008,Bosnia and Herzegovina,Total,Total,Number,3843846,
2008,Kosovo (under United Nations Security Council Resolution 1244/99),Total,Total,Number,2153139,
2008,Moldova,Total,Total,Number,3572703,
2008,Monaco,Total,Total,Number,,
2008,Russia,Total,Total,Number,142008838,
2008,San Marino,Total,Total,Number,32054,
2008,Ukraine,Total,Total,Number,46192309,
2008,Armenia,Total,Total,Number,3230086,
2008,Azerbaijan,Total,Total,Number,8629900,
2008,Georgia,Total,Total,Number,4382070,
2009,European Union (28 countries),Total,Total,Number,502090235,
2009,European Union (27 countries),Total,Total,Number,497780439,
2009,Euro area (19 countries),Total,Total,Number,334470255,
2009,Euro area (18 countries),Total,Total,Number,331286399,
2009,Belgium,Total,Total,Number,10753080,
2009,Bulgaria,Total,Total,Number,7467119,
2009,Czech Republic,Total,Total,Number,10425783,
2009,Denmark,Total,Total,Number,5511451,
2009,Germany (until 1990 former territory of the FRG),Total,Total,Number,82002356,
2009,Germany (including former GDR),Total,Total,Number,82002356,
2009,Estonia,Total,Total,Number,1335740,
2009,Ireland,Total,Total,Number,4521322,
2009,Greece,Total,Total,Number,11094745,
2009,Spain,Total,Total,Number,46239273,
2009,France,Total,Total,Number,64350226,
2009,France (metropolitan),Total,Total,Number,62465709,
2009,Croatia,Total,Total,Number,4309796,
2009,Italy,Total,Total,Number,59000586,
2009,Cyprus,Total,Total,Number,796930,
2009,Latvia,Total,Total,Number,2162834,
2009,Lithuania,Total,Total,Number,3183856,
2009,Luxembourg,Total,Total,Number,493500,
2009,Hungary,Total,Total,Number,10030975,
2009,Malta,Total,Total,Number,410926,
2009,Netherlands,Total,Total,Number,16485787,
2009,Austria,Total,Total,Number,8335003,
2009,Poland,Total,Total,Number,38135876,
2009,Portugal,Total,Total,Number,10563014,
2009,Romania,Total,Total,Number,20440290,
2009,Slovenia,Total,Total,Number,2032362,
2009,Slovakia,Total,Total,Number,5382401,
2009,Finland,Total,Total,Number,5326314,
2009,Sweden,Total,Total,Number,9256347,
2009,United Kingdom,Total,Total,Number,62042343,
2009,"European Economic Area (EU-28 plus IS, LI, NO)",Total,Total,Number,507244444,
2009,"European Economic Area (EU-27 plus IS, LI, NO)",Total,Total,Number,502934648,
2009,European Free Trade Association,Total,Total,Number,12856065,
2009,Iceland,Total,Total,Number,319368,
2009,Liechtenstein,Total,Total,Number,35589,
2009,Norway,Total,Total,Number,4799252,
2009,Switzerland,Total,Total,Number,7701856,
2009,Montenegro,Total,Total,Number,617157,
2009,"Former Yugoslav Republic of Macedonia, the",Total,Total,Number,2048619,
2009,Albania,Total,Total,Number,3184701,
2009,Serbia,Total,Total,Number,7334937,
2009,Turkey,Total,Total,Number,71517100,
2009,Andorra,Total,Total,Number,84484,
2009,Belarus,Total,Total,Number,9671912,
2009,Bosnia and Herzegovina,Total,Total,Number,3843998,
2009,Kosovo (under United Nations Security Council Resolution 1244/99),Total,Total,Number,2180686,
2009,Moldova,Total,Total,Number,3567512,
2009,Monaco,Total,Total,Number,,
2009,Russia,Total,Total,Number,141903979,
2009,San Marino,Total,Total,Number,31269,
2009,Ukraine,Total,Total,Number,45963359,
2009,Armenia,Total,Total,Number,3237976,
2009,Azerbaijan,Total,Total,Number,8896900,
2009,Georgia,Total,Total,Number,4385429,
2010,European Union (28 countries),Total,Total,Number,503170618,b
2010,European Union (27 countries),Total,Total,Number,498867771,b
2010,Euro area (19 countries),Total,Total,Number,335266424,
2010,Euro area (18 countries),Total,Total,Number,332124448,
2010,Belgium,Total,Total,Number,10839905,
2010,Bulgaria,Total,Total,Number,7421766,
2010,Czech Republic,Total,Total,Number,10462088,
2010,Denmark,Total,Total,Number,5534738,
2010,Germany (until 1990 former territory of the FRG),Total,Total,Number,81802257,
2010,Germany (including former GDR),Total,Total,Number,81802257,
2010,Estonia,Total,Total,Number,1333290,
2010,Ireland,Total,Total,Number,4549428,
2010,Greece,Total,Total,Number,11119289,
2010,Spain,Total,Total,Number,46486619,
2010,France,Total,Total,Number,64658856,
2010,France (metropolitan),Total,Total,Number,62765235,
2010,Croatia,Total,Total,Number,4302847,
2010,Italy,Total,Total,Number,59190143,
2010,Cyprus,Total,Total,Number,819140,
2010,Latvia,Total,Total,Number,2120504,
2010,Lithuania,Total,Total,Number,3141976,
2010,Luxembourg,Total,Total,Number,502066,
2010,Hungary,Total,Total,Number,10014324,
2010,Malta,Total,Total,Number,414027,
2010,Netherlands,Total,Total,Number,16574989,
2010,Austria,Total,Total,Number,8351643,
2010,Poland,Total,Total,Number,38022869,
2010,Portugal,Total,Total,Number,10573479,
2010,Romania,Total,Total,Number,20294683,
2010,Slovenia,Total,Total,Number,2046976,
2010,Slovakia,Total,Total,Number,5390410,
2010,Finland,Total,Total,Number,5351427,
2010,Sweden,Total,Total,Number,9340682,
2010,United Kingdom,Total,Total,Number,62510197,
2010,"European Economic Area (EU-28 plus IS, LI, NO)",Total,Total,Number,508382341,b
2010,"European Economic Area (EU-27 plus IS, LI, NO)",Total,Total,Number,504079494,b
2010,European Free Trade Association,Total,Total,Number,12997529,
2010,Iceland,Total,Total,Number,317630,
2010,Liechtenstein,Total,Total,Number,35894,
2010,Norway,Total,Total,Number,4858199,
2010,Switzerland,Total,Total,Number,7785806,
2010,Montenegro,Total,Total,Number,619001,
2010,"Former Yugoslav Republic of Macedonia, the",Total,Total,Number,2052722,
2010,Albania,Total,Total,Number,,
2010,Serbia,Total,Total,Number,7306677,
2010,Turkey,Total,Total,Number,72561312,
2010,Andorra,Total,Total,Number,84082,
2010,Belarus,Total,Total,Number,9480178,
2010,Bosnia and Herzegovina,Total,Total,Number,3844046,
2010,Kosovo (under United Nations Security Council Resolution 1244/99),Total,Total,Number,2208107,
2010,Moldova,Total,Total,Number,3563695,
2010,Monaco,Total,Total,Number,,
2010,Russia,Total,Total,Number,141914509,
2010,San Marino,Total,Total,Number,,
2010,Ukraine,Total,Total,Number,45782592,
2010,Armenia,Total,Total,Number,3249482,
2010,Azerbaijan,Total,Total,Number,8997586,
2010,Georgia,Total,Total,Number,4436391,
2011,European Union (28 countries),Total,Total,Number,502964837,b
2011,European Union (27 countries),Total,Total,Number,498674980,b
2011,Euro area (19 countries),Total,Total,Number,334572589,b
2011,Euro area (18 countries),Total,Total,Number,331520001,b
2011,Belgium,Total,Total,Number,11000638,b
2011,Bulgaria,Total,Total,Number,7369431,
2011,Czech Republic,Total,Total,Number,10486731,
2011,Denmark,Total,Total,Number,5560628,
2011,Germany (until 1990 former territory of the FRG),Total,Total,Number,80222065,b
2011,Germany (including former GDR),Total,Total,Number,80222065,b
2011,Estonia,Total,Total,Number,1329660,
2011,Ireland,Total,Total,Number,4570881,
2011,Greece,Total,Total,Number,11123392,
2011,Spain,Total,Total,Number,46667174,
2011,France,Total,Total,Number,64978721,
2011,France (metropolitan),Total,Total,Number,63070344,
2011,Croatia,Total,Total,Number,4289857,
2011,Italy,Total,Total,Number,59364690,
2011,Cyprus,Total,Total,Number,839751,
2011,Latvia,Total,Total,Number,2074605,
2011,Lithuania,Total,Total,Number,3052588,
2011,Luxembourg,Total,Total,Number,511840,
2011,Hungary,Total,Total,Number,9985722,
2011,Malta,Total,Total,Number,414989,
2011,Netherlands,Total,Total,Number,16655799,
2011,Austria,Total,Total,Number,8375164,
2011,Poland,Total,Total,Number,38062718,
2011,Portugal,Total,Total,Number,10572721,
2011,Romania,Total,Total,Number,20199059,
2011,Slovenia,Total,Total,Number,2050189,
2011,Slovakia,Total,Total,Number,5392446,
2011,Finland,Total,Total,Number,5375276,
2011,Sweden,Total,Total,Number,9415570,
2011,United Kingdom,Total,Total,Number,63022532,
2011,"European Economic Area (EU-28 plus IS, LI, NO)",Total,Total,Number,508239743,b
2011,"European Economic Area (EU-27 plus IS, LI, NO)",Total,Total,Number,503949886,b
2011,European Free Trade Association,Total,Total,Number,13145040,b
2011,Iceland,Total,Total,Number,318452,
2011,Liechtenstein,Total,Total,Number,36149,
2011,Norway,Total,Total,Number,4920305,
2011,Switzerland,Total,Total,Number,7870134,b
2011,Montenegro,Total,Total,Number,619850,
2011,"Former Yugoslav Republic of Macedonia, the",Total,Total,Number,2057284,
2011,Albania,Total,Total,Number,2831741,
2011,Serbia,Total,Total,Number,7251549,b
2011,Turkey,Total,Total,Number,73722988,
2011,Andorra,Total,Total,Number,78115,
2011,Belarus,Total,Total,Number,9481193,
2011,Bosnia and Herzegovina,Total,Total,Number,3843183,
2011,Kosovo (under United Nations Security Council Resolution 1244/99),Total,Total,Number,1794180,b
2011,Moldova,Total,Total,Number,3560430,
2011,Monaco,Total,Total,Number,,
2011,Russia,Total,Total,Number,142856536,
2011,San Marino,Total,Total,Number,31863,
2011,Ukraine,Total,Total,Number,45598179,
2011,Armenia,Total,Total,Number,3262650,
2011,Azerbaijan,Total,Total,Number,9111078,
2011,Georgia,Total,Total,Number,4469250,
2012,European Union (28 countries),Total,Total,Number,504060345,b
2012,European Union (27 countries),Total,Total,Number,499784361,b
2012,Euro area (19 countries),Total,Total,Number,335301305,b
2012,Euro area (18 countries),Total,Total,Number,332297664,b
2012,Belgium,Total,Total,Number,11094850,
2012,Bulgaria,Total,Total,Number,7327224,
2012,Czech Republic,Total,Total,Number,10505445,
2012,Denmark,Total,Total,Number,5580516,
2012,Germany (until 1990 former territory of the FRG),Total,Total,Number,80327900,
2012,Germany (including former GDR),Total,Total,Number,80327900,
2012,Estonia,Total,Total,Number,1325217,
2012,Ireland,Total,Total,Number,4582707,
2012,Greece,Total,Total,Number,11086406,
2012,Spain,Total,Total,Number,46818219,
2012,France,Total,Total,Number,65276983,b
2012,France (metropolitan),Total,Total,Number,63375971,
2012,Croatia,Total,Total,Number,4275984,
2012,Italy,Total,Total,Number,59394207,
2012,Cyprus,Total,Total,Number,862011,
2012,Latvia,Total,Total,Number,2044813,
2012,Lithuania,Total,Total,Number,3003641,
2012,Luxembourg,Total,Total,Number,524853,b
2012,Hungary,Total,Total,Number,9931925,b
2012,Malta,Total,Total,Number,417546,
2012,Netherlands,Total,Total,Number,16730348,
2012,Austria,Total,Total,Number,8408121,
2012,Poland,Total,Total,Number,38063792,
2012,Portugal,Total,Total,Number,10542398,
2012,Romania,Total,Total,Number,20095996,
2012,Slovenia,Total,Total,Number,2055496,
2012,Slovakia,Total,Total,Number,5404322,
2012,Finland,Total,Total,Number,5401267,
2012,Sweden,Total,Total,Number,9482855,
2012,United Kingdom,Total,Total,Number,63495303,
2012,"European Economic Area (EU-28 plus IS, LI, NO)",Total,Total,Number,509402265,b
2012,"European Economic Area (EU-27 plus IS, LI, NO)",Total,Total,Number,505126281,b
2012,European Free Trade Association,Total,Total,Number,13296582,
2012,Iceland,Total,Total,Number,319575,
2012,Liechtenstein,Total,Total,Number,36475,
2012,Norway,Total,Total,Number,4985870,
2012,Switzerland,Total,Total,Number,7954662,
2012,Montenegro,Total,Total,Number,620308,
2012,"Former Yugoslav Republic of Macedonia, the",Total,Total,Number,2059794,
2012,Albania,Total,Total,Number,,
2012,Serbia,Total,Total,Number,7216649,
2012,Turkey,Total,Total,Number,74724269,
2012,Andorra,Total,Total,Number,78115,
2012,Belarus,Total,Total,Number,9465150,
2012,Bosnia and Herzegovina,Total,Total,Number,3839265,
2012,Kosovo (under United Nations Security Council Resolution 1244/99),Total,Total,Number,,p
2012,Moldova,Total,Total,Number,3559541,
2012,Monaco,Total,Total,Number,,
2012,Russia,Total,Total,Number,143056383,
2012,San Marino,Total,Total,Number,33376,
2012,Ukraine,Total,Total,Number,45453282,
2012,Armenia,Total,Total,Number,3274285,
2012,Azerbaijan,Total,Total,Number,9235085,
2012,Georgia,Total,Total,Number,4497617,
2013,European Union (28 countries),Total,Total,Number,505166839,
2013,European Union (27 countries),Total,Total,Number,500904699,
2013,Euro area (19 countries),Total,Total,Number,336048797,
2013,Euro area (18 countries),Total,Total,Number,333076892,
2013,Belgium,Total,Total,Number,11161642,
2013,Bulgaria,Total,Total,Number,7284552,
2013,Czech Republic,Total,Total,Number,10516125,
2013,Denmark,Total,Total,Number,5602628,
2013,Germany (until 1990 former territory of the FRG),Total,Total,Number,80523746,
2013,Germany (including former GDR),Total,Total,Number,80523746,
2013,Estonia,Total,Total,Number,1320174,
2013,Ireland,Total,Total,Number,4591087,
2013,Greece,Total,Total,Number,11003615,
2013,Spain,Total,Total,Number,46727890,
2013,France,Total,Total,Number,65600350,
2013,France (metropolitan),Total,Total,Number,63697865,
2013,Croatia,Total,Total,Number,4262140,
2013,Italy,Total,Total,Number,59685227,
2013,Cyprus,Total,Total,Number,865878,
2013,Latvia,Total,Total,Number,2023825,
2013,Lithuania,Total,Total,Number,2971905,
2013,Luxembourg,Total,Total,Number,537039,
2013,Hungary,Total,Total,Number,9908798,
2013,Malta,Total,Total,Number,421364,
2013,Netherlands,Total,Total,Number,16779575,
2013,Austria,Total,Total,Number,8451860,
2013,Poland,Total,Total,Number,38062535,
2013,Portugal,Total,Total,Number,10487289,
2013,Romania,Total,Total,Number,20020074,
2013,Slovenia,Total,Total,Number,2058821,
2013,Slovakia,Total,Total,Number,5410836,
2013,Finland,Total,Total,Number,5426674,
2013,Sweden,Total,Total,Number,9555893,
2013,United Kingdom,Total,Total,Number,63905297,
2013,"European Economic Area (EU-28 plus IS, LI, NO)",Total,Total,Number,510576809,
2013,"European Economic Area (EU-27 plus IS, LI, NO)",Total,Total,Number,506314669,
2013,European Free Trade Association,Total,Total,Number,13449030,
2013,Iceland,Total,Total,Number,321857,
2013,Liechtenstein,Total,Total,Number,36838,
2013,Norway,Total,Total,Number,5051275,
2013,Switzerland,Total,Total,Number,8039060,
2013,Montenegro,Total,Total,Number,620893,
2013,"Former Yugoslav Republic of Macedonia, the",Total,Total,Number,2062294,
2013,Albania,Total,Total,Number,,
2013,Serbia,Total,Total,Number,7181505,
2013,Turkey,Total,Total,Number,75627384,
2013,Andorra,Total,Total,Number,76246,
2013,Belarus,Total,Total,Number,9463840,
2013,Bosnia and Herzegovina,Total,Total,Number,,
2013,Kosovo (under United Nations Security Council Resolution 1244/99),Total,Total,Number,,
2013,Moldova,Total,Total,Number,3559497,
2013,Monaco,Total,Total,Number,,
2013,Russia,Total,Total,Number,,
2013,San Marino,Total,Total,Number,33562,
2013,Ukraine,Total,Total,Number,45372692,
2013,Armenia,Total,Total,Number,,
2013,Azerbaijan,Total,Total,Number,9356483,
2013,Georgia,Total,Total,Number,,
2014,European Union (28 countries),Total,Total,Number,506944075,bep
2014,European Union (27 countries),Total,Total,Number,502697266,bep
2014,Euro area (19 countries),Total,Total,Number,337473384,bp
2014,Euro area (18 countries),Total,Total,Number,334529912,bp
2014,Belgium,Total,Total,Number,11203992,
2014,Bulgaria,Total,Total,Number,7245677,
2014,Czech Republic,Total,Total,Number,10512419,
2014,Denmark,Total,Total,Number,5627235,
2014,Germany (until 1990 former territory of the FRG),Total,Total,Number,80767463,
2014,Germany (including former GDR),Total,Total,Number,80767463,
2014,Estonia,Total,Total,Number,1315819,
2014,Ireland,Total,Total,Number,4605501,p
2014,Greece,Total,Total,Number,10926807,
2014,Spain,Total,Total,Number,46512199,
2014,France,Total,Total,Number,65889148,
2014,France (metropolitan),Total,Total,Number,,
2014,Croatia,Total,Total,Number,4246809,
2014,Italy,Total,Total,Number,60782668,
2014,Cyprus,Total,Total,Number,858000,
2014,Latvia,Total,Total,Number,2001468,
2014,Lithuania,Total,Total,Number,2943472,
2014,Luxembourg,Total,Total,Number,549680,
2014,Hungary,Total,Total,Number,9877365,
2014,Malta,Total,Total,Number,425384,
2014,Netherlands,Total,Total,Number,16829289,
2014,Austria,Total,Total,Number,8506889,
2014,Poland,Total,Total,Number,38017856,
2014,Portugal,Total,Total,Number,10427301,
2014,Romania,Total,Total,Number,19947311,e
2014,Slovenia,Total,Total,Number,2061085,
2014,Slovakia,Total,Total,Number,5415949,
2014,Finland,Total,Total,Number,5451270,
2014,Sweden,Total,Total,Number,9644864,
2014,United Kingdom,Total,Total,Number,64351155,
2014,"European Economic Area (EU-28 plus IS, LI, NO)",Total,Total,Number,512414845,bep
2014,"European Economic Area (EU-27 plus IS, LI, NO)",Total,Total,Number,508168036,bep
2014,European Free Trade Association,Total,Total,Number,13610401,
2014,Iceland,Total,Total,Number,325671,
2014,Liechtenstein,Total,Total,Number,37129,
2014,Norway,Total,Total,Number,5107970,
2014,Switzerland,Total,Total,Number,8139631,
2014,Montenegro,Total,Total,Number,621521,
2014,"Former Yugoslav Republic of Macedonia, the",Total,Total,Number,2065769,
2014,Albania,Total,Total,Number,2895947,e
2014,Serbia,Total,Total,Number,7146759,
2014,Turkey,Total,Total,Number,76667864,
2014,Andorra,Total,Total,Number,,
2014,Belarus,Total,Total,Number,9468154,
2014,Bosnia and Herzegovina,Total,Total,Number,,
2014,Kosovo (under United Nations Security Council Resolution 1244/99),Total,Total,Number,,
2014,Moldova,Total,Total,Number,3557634,
2014,Monaco,Total,Total,Number,,
2014,Russia,Total,Total,Number,143666931,
2014,San Marino,Total,Total,Number,,
2014,Ukraine,Total,Total,Number,45245894,
2014,Armenia,Total,Total,Number,,
2014,Azerbaijan,Total,Total,Number,9477119,
2014,Georgia,Total,Total,Number,4490498,
2015,European Union (28 countries),Total,Total,Number,508401408,bep
2015,European Union (27 countries),Total,Total,Number,504176092,bep
2015,Euro area (19 countries),Total,Total,Number,338421552,bep
2015,Euro area (18 countries),Total,Total,Number,335500290,bep
2015,Belgium,Total,Total,Number,11208986,b
2015,Bulgaria,Total,Total,Number,7202198,
2015,Czech Republic,Total,Total,Number,10538275,
2015,Denmark,Total,Total,Number,5659715,
2015,Germany (until 1990 former territory of the FRG),Total,Total,Number,81197537,
2015,Germany (including former GDR),Total,Total,Number,81197537,
2015,Estonia,Total,Total,Number,1313271,
2015,Ireland,Total,Total,Number,4628949,p
2015,Greece,Total,Total,Number,10858018,
2015,Spain,Total,Total,Number,46449565,
2015,France,Total,Total,Number,66415161,bp
2015,France (metropolitan),Total,Total,Number,,
2015,Croatia,Total,Total,Number,4225316,
2015,Italy,Total,Total,Number,60795612,
2015,Cyprus,Total,Total,Number,847008,
2015,Latvia,Total,Total,Number,1986096,
2015,Lithuania,Total,Total,Number,2921262,
2015,Luxembourg,Total,Total,Number,562958,
2015,Hungary,Total,Total,Number,9855571,
2015,Malta,Total,Total,Number,429344,
2015,Netherlands,Total,Total,Number,16900726,
2015,Austria,Total,Total,Number,8576261,
2015,Poland,Total,Total,Number,38005614,
2015,Portugal,Total,Total,Number,10374822,e
2015,Romania,Total,Total,Number,19870647,e
2015,Slovenia,Total,Total,Number,2062874,
2015,Slovakia,Total,Total,Number,5421349,
2015,Finland,Total,Total,Number,5471753,
2015,Sweden,Total,Total,Number,9747355,
2015,United Kingdom,Total,Total,Number,64875165,e
2015,"European Economic Area (EU-28 plus IS, LI, NO)",Total,Total,Number,513934367,bep
2015,"European Economic Area (EU-27 plus IS, LI, NO)",Total,Total,Number,509709051,bep
2015,European Free Trade Association,Total,Total,Number,13770625,
2015,Iceland,Total,Total,Number,329100,
2015,Liechtenstein,Total,Total,Number,37366,
2015,Norway,Total,Total,Number,5166493,
2015,Switzerland,Total,Total,Number,8237666,
2015,Montenegro,Total,Total,Number,622099,
2015,"Former Yugoslav Republic of Macedonia, the",Total,Total,Number,2069172,
2015,Albania,Total,Total,Number,2892302,e
2015,Serbia,Total,Total,Number,7114393,
2015,Turkey,Total,Total,Number,77695904,
2015,Andorra,Total,Total,Number,,
2015,Belarus,Total,Total,Number,9480868,
2015,Bosnia and Herzegovina,Total,Total,Number,,
2015,Kosovo (under United Nations Security Council Resolution 1244/99),Total,Total,Number,,
2015,Moldova,Total,Total,Number,3555159,
2015,Monaco,Total,Total,Number,,
2015,Russia,Total,Total,Number,,
2015,San Marino,Total,Total,Number,,
2015,Ukraine,Total,Total,Number,42759661,
2015,Armenia,Total,Total,Number,3010598,
2015,Azerbaijan,Total,Total,Number,9593038,
2015,Georgia,Total,Total,Number,3729500,
