TIME,GEO,AGE,UNIT,SEX,Value,Flag and Footnotes
2006,European Union (28 countries),Total,Thousand persons,Total,19316,
2006,European Union (28 countries),Total,Percentage of total population,Total,5.1,
2006,European Union (28 countries),Total,Percentage of active population,Total,8.2,
2006,European Union (27 countries),Total,Thousand persons,Total,19101,
2006,European Union (27 countries),Total,Percentage of total population,Total,5.1,
2006,European Union (27 countries),Total,Percentage of active population,Total,8.2,
2006,European Union (25 countries),Total,Thousand persons,Total,18074,
2006,European Union (25 countries),Total,Percentage of total population,Total,5.1,
2006,European Union (25 countries),Total,Percentage of active population,Total,8.3,
2006,"Euro area (EA11-2000, EA12-2006, EA13-2007, EA15-2008, EA16-2010, EA17-2013, EA18-2014, EA19)",Total,Thousand persons,Total,12336,
2006,"Euro area (EA11-2000, EA12-2006, EA13-2007, EA15-2008, EA16-2010, EA17-2013, EA18-2014, EA19)",Total,Percentage of total population,Total,5.1,
2006,"Euro area (EA11-2000, EA12-2006, EA13-2007, EA15-2008, EA16-2010, EA17-2013, EA18-2014, EA19)",Total,Percentage of active population,Total,8.4,
2006,Euro area (19 countries),Total,Thousand persons,Total,12985,
2006,Euro area (19 countries),Total,Percentage of total population,Total,5.2,
2006,Euro area (19 countries),Total,Percentage of active population,Total,8.4,
2006,Euro area (18 countries),Total,Thousand persons,Total,12897,
2006,Euro area (18 countries),Total,Percentage of total population,Total,5.2,
2006,Euro area (18 countries),Total,Percentage of active population,Total,8.4,
2006,Belgium,Total,Thousand persons,Total,383,
2006,Belgium,Total,Percentage of total population,Total,4.9,
2006,Belgium,Total,Percentage of active population,Total,8.3,
2006,Bulgaria,Total,Thousand persons,Total,309,
2006,Bulgaria,Total,Percentage of total population,Total,5.1,
2006,Bulgaria,Total,Percentage of active population,Total,9.0,
2006,Czech Republic,Total,Thousand persons,Total,371,
2006,Czech Republic,Total,Percentage of total population,Total,4.6,
2006,Czech Republic,Total,Percentage of active population,Total,7.1,
2006,Denmark,Total,Thousand persons,Total,114,i
2006,Denmark,Total,Percentage of total population,Total,2.8,i
2006,Denmark,Total,Percentage of active population,Total,3.9,i
2006,Germany (until 1990 former territory of the FRG),Total,Thousand persons,Total,4104,
2006,Germany (until 1990 former territory of the FRG),Total,Percentage of total population,Total,6.6,
2006,Germany (until 1990 former territory of the FRG),Total,Percentage of active population,Total,10.1,
2006,Estonia,Total,Thousand persons,Total,41,
2006,Estonia,Total,Percentage of total population,Total,3.9,
2006,Estonia,Total,Percentage of active population,Total,5.9,
2006,Ireland,Total,Thousand persons,Total,97,
2006,Ireland,Total,Percentage of total population,Total,3.0,
2006,Ireland,Total,Percentage of active population,Total,4.5,
2006,Greece,Total,Thousand persons,Total,448,
2006,Greece,Total,Percentage of total population,Total,5.3,
2006,Greece,Total,Percentage of active population,Total,9.0,
2006,Spain,Total,Thousand persons,Total,1841,
2006,Spain,Total,Percentage of total population,Total,5.4,
2006,Spain,Total,Percentage of active population,Total,8.5,
2006,France,Total,Thousand persons,Total,2482,
2006,France,Total,Percentage of total population,Total,5.2,
2006,France,Total,Percentage of active population,Total,8.8,
2006,Croatia,Total,Thousand persons,Total,215,i
2006,Croatia,Total,Percentage of total population,Total,6.4,i
2006,Croatia,Total,Percentage of active population,Total,11.6,i
2006,Italy,Total,Thousand persons,Total,1654,
2006,Italy,Total,Percentage of total population,Total,3.7,
2006,Italy,Total,Percentage of active population,Total,6.8,
2006,Cyprus,Total,Thousand persons,Total,17,
2006,Cyprus,Total,Percentage of total population,Total,3.1,
2006,Cyprus,Total,Percentage of active population,Total,4.6,
2006,Latvia,Total,Thousand persons,Total,78,
2006,Latvia,Total,Percentage of total population,Total,4.5,
2006,Latvia,Total,Percentage of active population,Total,7.0,
2006,Lithuania,Total,Thousand persons,Total,88,
2006,Lithuania,Total,Percentage of total population,Total,3.5,
2006,Lithuania,Total,Percentage of active population,Total,5.8,
2006,Luxembourg,Total,Thousand persons,Total,9,i
2006,Luxembourg,Total,Percentage of total population,Total,2.8,i
2006,Luxembourg,Total,Percentage of active population,Total,4.6,i
2006,Hungary,Total,Thousand persons,Total,317,
2006,Hungary,Total,Percentage of total population,Total,4.1,
2006,Hungary,Total,Percentage of active population,Total,7.5,
2006,Malta,Total,Thousand persons,Total,11,
2006,Malta,Total,Percentage of total population,Total,3.6,
2006,Malta,Total,Percentage of active population,Total,6.8,
2006,Netherlands,Total,Thousand persons,Total,419,
2006,Netherlands,Total,Percentage of total population,Total,2.7,
2006,Netherlands,Total,Percentage of active population,Total,5.0,
2006,Austria,Total,Thousand persons,Total,212,
2006,Austria,Total,Percentage of total population,Total,3.4,
2006,Austria,Total,Percentage of active population,Total,5.3,
2006,Poland,Total,Thousand persons,Total,2311,
2006,Poland,Total,Percentage of total population,Total,8.0,
2006,Poland,Total,Percentage of active population,Total,13.9,
2006,Portugal,Total,Thousand persons,Total,478,
2006,Portugal,Total,Percentage of total population,Total,5.7,
2006,Portugal,Total,Percentage of active population,Total,8.9,
2006,Romania,Total,Thousand persons,Total,719,
2006,Romania,Total,Percentage of total population,Total,4.3,
2006,Romania,Total,Percentage of active population,Total,7.2,
2006,Slovenia,Total,Thousand persons,Total,61,
2006,Slovenia,Total,Percentage of total population,Total,3.8,
2006,Slovenia,Total,Percentage of active population,Total,6.0,
2006,Slovakia,Total,Thousand persons,Total,353,
2006,Slovakia,Total,Percentage of total population,Total,8.4,
2006,Slovakia,Total,Percentage of active population,Total,13.5,
2006,Finland,Total,Thousand persons,Total,204,
2006,Finland,Total,Percentage of total population,Total,5.2,
2006,Finland,Total,Percentage of active population,Total,7.7,
2006,Sweden,Total,Thousand persons,Total,336,
2006,Sweden,Total,Percentage of total population,Total,5.0,
2006,Sweden,Total,Percentage of active population,Total,7.1,
2006,United Kingdom,Total,Thousand persons,Total,1640,
2006,United Kingdom,Total,Percentage of total population,Total,3.7,
2006,United Kingdom,Total,Percentage of active population,Total,5.4,
2006,Iceland,Total,Thousand persons,Total,5,
2006,Iceland,Total,Percentage of total population,Total,2.3,
2006,Iceland,Total,Percentage of active population,Total,2.9,
2006,Norway,Total,Thousand persons,Total,84,b
2006,Norway,Total,Percentage of total population,Total,2.4,b
2006,Norway,Total,Percentage of active population,Total,3.4,b
2006,Turkey,Total,Thousand persons,Total,1983,
2006,Turkey,Total,Percentage of total population,Total,4.1,
2006,Turkey,Total,Percentage of active population,Total,9.0,
2006,United States,Total,Thousand persons,Total,7001,
2006,United States,Total,Percentage of total population,Total,,
2006,United States,Total,Percentage of active population,Total,4.6,
2006,Japan,Total,Thousand persons,Total,2751,
2006,Japan,Total,Percentage of total population,Total,,
2006,Japan,Total,Percentage of active population,Total,4.1,
2007,European Union (28 countries),Total,Thousand persons,Total,16988,
2007,European Union (28 countries),Total,Percentage of total population,Total,4.5,
2007,European Union (28 countries),Total,Percentage of active population,Total,7.2,
2007,European Union (27 countries),Total,Thousand persons,Total,16797,
2007,European Union (27 countries),Total,Percentage of total population,Total,4.5,
2007,European Union (27 countries),Total,Percentage of active population,Total,7.2,
2007,European Union (25 countries),Total,Thousand persons,Total,15921,
2007,European Union (25 countries),Total,Percentage of total population,Total,4.5,
2007,European Union (25 countries),Total,Percentage of active population,Total,7.2,
2007,"Euro area (EA11-2000, EA12-2006, EA13-2007, EA15-2008, EA16-2010, EA17-2013, EA18-2014, EA19)",Total,Thousand persons,Total,11238,
2007,"Euro area (EA11-2000, EA12-2006, EA13-2007, EA15-2008, EA16-2010, EA17-2013, EA18-2014, EA19)",Total,Percentage of total population,Total,4.6,
2007,"Euro area (EA11-2000, EA12-2006, EA13-2007, EA15-2008, EA16-2010, EA17-2013, EA18-2014, EA19)",Total,Percentage of active population,Total,7.5,
2007,Euro area (19 countries),Total,Thousand persons,Total,11722,
2007,Euro area (19 countries),Total,Percentage of total population,Total,4.6,
2007,Euro area (19 countries),Total,Percentage of active population,Total,7.5,
2007,Euro area (18 countries),Total,Thousand persons,Total,11658,
2007,Euro area (18 countries),Total,Percentage of total population,Total,4.7,
2007,Euro area (18 countries),Total,Percentage of active population,Total,7.5,
2007,Belgium,Total,Thousand persons,Total,353,
2007,Belgium,Total,Percentage of total population,Total,4.5,
2007,Belgium,Total,Percentage of active population,Total,7.5,
2007,Bulgaria,Total,Thousand persons,Total,242,
2007,Bulgaria,Total,Percentage of total population,Total,4.0,
2007,Bulgaria,Total,Percentage of active population,Total,6.9,
2007,Czech Republic,Total,Thousand persons,Total,276,
2007,Czech Republic,Total,Percentage of total population,Total,3.4,
2007,Czech Republic,Total,Percentage of active population,Total,5.3,
2007,Denmark,Total,Thousand persons,Total,111,
2007,Denmark,Total,Percentage of total population,Total,2.7,
2007,Denmark,Total,Percentage of active population,Total,3.8,
2007,Germany (until 1990 former territory of the FRG),Total,Thousand persons,Total,3473,
2007,Germany (until 1990 former territory of the FRG),Total,Percentage of total population,Total,5.6,
2007,Germany (until 1990 former territory of the FRG),Total,Percentage of active population,Total,8.5,
2007,Estonia,Total,Thousand persons,Total,32,
2007,Estonia,Total,Percentage of total population,Total,3.0,
2007,Estonia,Total,Percentage of active population,Total,4.6,
2007,Ireland,Total,Thousand persons,Total,105,
2007,Ireland,Total,Percentage of total population,Total,3.2,
2007,Ireland,Total,Percentage of active population,Total,4.7,
2007,Greece,Total,Thousand persons,Total,418,
2007,Greece,Total,Percentage of total population,Total,4.9,
2007,Greece,Total,Percentage of active population,Total,8.4,
2007,Spain,Total,Thousand persons,Total,1846,
2007,Spain,Total,Percentage of total population,Total,5.3,
2007,Spain,Total,Percentage of active population,Total,8.2,
2007,France,Total,Thousand persons,Total,2268,
2007,France,Total,Percentage of total population,Total,4.8,
2007,France,Total,Percentage of active population,Total,8.0,
2007,Croatia,Total,Thousand persons,Total,191,
2007,Croatia,Total,Percentage of total population,Total,5.7,
2007,Croatia,Total,Percentage of active population,Total,9.9,
2007,Italy,Total,Thousand persons,Total,1481,
2007,Italy,Total,Percentage of total population,Total,3.3,
2007,Italy,Total,Percentage of active population,Total,6.1,
2007,Cyprus,Total,Thousand persons,Total,15,
2007,Cyprus,Total,Percentage of total population,Total,2.7,
2007,Cyprus,Total,Percentage of active population,Total,3.9,
2007,Latvia,Total,Thousand persons,Total,68,
2007,Latvia,Total,Percentage of total population,Total,4.0,
2007,Latvia,Total,Percentage of active population,Total,6.1,
2007,Lithuania,Total,Thousand persons,Total,64,
2007,Lithuania,Total,Percentage of total population,Total,2.6,
2007,Lithuania,Total,Percentage of active population,Total,4.3,
2007,Luxembourg,Total,Thousand persons,Total,9,
2007,Luxembourg,Total,Percentage of total population,Total,2.4,
2007,Luxembourg,Total,Percentage of active population,Total,4.2,
2007,Hungary,Total,Thousand persons,Total,312,
2007,Hungary,Total,Percentage of total population,Total,4.1,
2007,Hungary,Total,Percentage of active population,Total,7.4,
2007,Malta,Total,Thousand persons,Total,11,
2007,Malta,Total,Percentage of total population,Total,3.4,
2007,Malta,Total,Percentage of active population,Total,6.5,
2007,Netherlands,Total,Thousand persons,Total,355,
2007,Netherlands,Total,Percentage of total population,Total,2.3,
2007,Netherlands,Total,Percentage of active population,Total,4.2,
2007,Austria,Total,Thousand persons,Total,200,
2007,Austria,Total,Percentage of total population,Total,3.2,
2007,Austria,Total,Percentage of active population,Total,4.9,
2007,Poland,Total,Thousand persons,Total,1579,
2007,Poland,Total,Percentage of total population,Total,5.5,
2007,Poland,Total,Percentage of active population,Total,9.6,
2007,Portugal,Total,Thousand persons,Total,494,
2007,Portugal,Total,Percentage of total population,Total,6.0,
2007,Portugal,Total,Percentage of active population,Total,9.1,
2007,Romania,Total,Thousand persons,Total,634,
2007,Romania,Total,Percentage of total population,Total,3.8,
2007,Romania,Total,Percentage of active population,Total,6.4,
2007,Slovenia,Total,Thousand persons,Total,50,
2007,Slovenia,Total,Percentage of total population,Total,3.1,
2007,Slovenia,Total,Percentage of active population,Total,4.9,
2007,Slovakia,Total,Thousand persons,Total,293,
2007,Slovakia,Total,Percentage of total population,Total,7.0,
2007,Slovakia,Total,Percentage of active population,Total,11.2,
2007,Finland,Total,Thousand persons,Total,183,
2007,Finland,Total,Percentage of total population,Total,4.6,
2007,Finland,Total,Percentage of active population,Total,6.9,
2007,Sweden,Total,Thousand persons,Total,298,
2007,Sweden,Total,Percentage of total population,Total,4.4,
2007,Sweden,Total,Percentage of active population,Total,6.1,
2007,United Kingdom,Total,Thousand persons,Total,1624,
2007,United Kingdom,Total,Percentage of total population,Total,3.6,
2007,United Kingdom,Total,Percentage of active population,Total,5.3,
2007,Iceland,Total,Thousand persons,Total,4,
2007,Iceland,Total,Percentage of total population,Total,1.9,
2007,Iceland,Total,Percentage of active population,Total,2.3,
2007,Norway,Total,Thousand persons,Total,63,
2007,Norway,Total,Percentage of total population,Total,1.8,
2007,Norway,Total,Percentage of active population,Total,2.5,
2007,Turkey,Total,Thousand persons,Total,2039,b
2007,Turkey,Total,Percentage of total population,Total,4.2,b
2007,Turkey,Total,Percentage of active population,Total,9.1,b
2007,United States,Total,Thousand persons,Total,7077,
2007,United States,Total,Percentage of total population,Total,,
2007,United States,Total,Percentage of active population,Total,4.6,
2007,Japan,Total,Thousand persons,Total,2568,
2007,Japan,Total,Percentage of total population,Total,,
2007,Japan,Total,Percentage of active population,Total,3.8,
2008,European Union (28 countries),Total,Thousand persons,Total,16750,
2008,European Union (28 countries),Total,Percentage of total population,Total,4.4,
2008,European Union (28 countries),Total,Percentage of active population,Total,7.0,
2008,European Union (27 countries),Total,Thousand persons,Total,16585,
2008,European Union (27 countries),Total,Percentage of total population,Total,4.4,
2008,European Union (27 countries),Total,Percentage of active population,Total,7.0,
2008,European Union (25 countries),Total,Thousand persons,Total,15834,
2008,European Union (25 countries),Total,Percentage of total population,Total,4.5,
2008,European Union (25 countries),Total,Percentage of active population,Total,7.1,
2008,"Euro area (EA11-2000, EA12-2006, EA13-2007, EA15-2008, EA16-2010, EA17-2013, EA18-2014, EA19)",Total,Thousand persons,Total,11482,
2008,"Euro area (EA11-2000, EA12-2006, EA13-2007, EA15-2008, EA16-2010, EA17-2013, EA18-2014, EA19)",Total,Percentage of total population,Total,4.7,
2008,"Euro area (EA11-2000, EA12-2006, EA13-2007, EA15-2008, EA16-2010, EA17-2013, EA18-2014, EA19)",Total,Percentage of active population,Total,7.6,
2008,Euro area (19 countries),Total,Thousand persons,Total,11951,
2008,Euro area (19 countries),Total,Percentage of total population,Total,4.7,
2008,Euro area (19 countries),Total,Percentage of active population,Total,7.6,
2008,Euro area (18 countries),Total,Thousand persons,Total,11863,
2008,Euro area (18 countries),Total,Percentage of total population,Total,4.7,
2008,Euro area (18 countries),Total,Percentage of active population,Total,7.6,
2008,Belgium,Total,Thousand persons,Total,333,
2008,Belgium,Total,Percentage of total population,Total,4.2,
2008,Belgium,Total,Percentage of active population,Total,7.0,
2008,Bulgaria,Total,Thousand persons,Total,202,
2008,Bulgaria,Total,Percentage of total population,Total,3.4,
2008,Bulgaria,Total,Percentage of active population,Total,5.6,
2008,Czech Republic,Total,Thousand persons,Total,230,
2008,Czech Republic,Total,Percentage of total population,Total,2.8,
2008,Czech Republic,Total,Percentage of active population,Total,4.4,
2008,Denmark,Total,Thousand persons,Total,101,
2008,Denmark,Total,Percentage of total population,Total,2.5,
2008,Denmark,Total,Percentage of active population,Total,3.4,
2008,Germany (until 1990 former territory of the FRG),Total,Thousand persons,Total,3018,
2008,Germany (until 1990 former territory of the FRG),Total,Percentage of total population,Total,4.9,
2008,Germany (until 1990 former territory of the FRG),Total,Percentage of active population,Total,7.4,
2008,Estonia,Total,Thousand persons,Total,38,i
2008,Estonia,Total,Percentage of total population,Total,3.7,i
2008,Estonia,Total,Percentage of active population,Total,5.5,i
2008,Ireland,Total,Thousand persons,Total,146,
2008,Ireland,Total,Percentage of total population,Total,4.3,
2008,Ireland,Total,Percentage of active population,Total,6.4,
2008,Greece,Total,Thousand persons,Total,388,
2008,Greece,Total,Percentage of total population,Total,4.6,
2008,Greece,Total,Percentage of active population,Total,7.8,
2008,Spain,Total,Thousand persons,Total,2596,
2008,Spain,Total,Percentage of total population,Total,7.4,
2008,Spain,Total,Percentage of active population,Total,11.3,
2008,France,Total,Thousand persons,Total,2121,
2008,France,Total,Percentage of total population,Total,4.4,
2008,France,Total,Percentage of active population,Total,7.4,
2008,Croatia,Total,Thousand persons,Total,165,
2008,Croatia,Total,Percentage of total population,Total,5.0,
2008,Croatia,Total,Percentage of active population,Total,8.6,
2008,Italy,Total,Thousand persons,Total,1664,
2008,Italy,Total,Percentage of total population,Total,3.7,
2008,Italy,Total,Percentage of active population,Total,6.7,
2008,Cyprus,Total,Thousand persons,Total,15,
2008,Cyprus,Total,Percentage of total population,Total,2.5,
2008,Cyprus,Total,Percentage of active population,Total,3.7,
2008,Latvia,Total,Thousand persons,Total,88,
2008,Latvia,Total,Percentage of total population,Total,5.2,
2008,Latvia,Total,Percentage of active population,Total,7.7,
2008,Lithuania,Total,Thousand persons,Total,88,
2008,Lithuania,Total,Percentage of total population,Total,3.6,
2008,Lithuania,Total,Percentage of active population,Total,5.8,
2008,Luxembourg,Total,Thousand persons,Total,10,
2008,Luxembourg,Total,Percentage of total population,Total,3.0,
2008,Luxembourg,Total,Percentage of active population,Total,4.9,
2008,Hungary,Total,Thousand persons,Total,326,i
2008,Hungary,Total,Percentage of total population,Total,4.2,i
2008,Hungary,Total,Percentage of active population,Total,7.8,i
2008,Malta,Total,Thousand persons,Total,10,
2008,Malta,Total,Percentage of total population,Total,3.2,
2008,Malta,Total,Percentage of active population,Total,6.0,
2008,Netherlands,Total,Thousand persons,Total,318,
2008,Netherlands,Total,Percentage of total population,Total,2.0,
2008,Netherlands,Total,Percentage of active population,Total,3.7,
2008,Austria,Total,Thousand persons,Total,172,
2008,Austria,Total,Percentage of total population,Total,2.7,
2008,Austria,Total,Percentage of active population,Total,4.1,
2008,Poland,Total,Thousand persons,Total,1165,
2008,Poland,Total,Percentage of total population,Total,4.1,
2008,Poland,Total,Percentage of active population,Total,7.1,
2008,Portugal,Total,Thousand persons,Total,476,
2008,Portugal,Total,Percentage of total population,Total,5.7,
2008,Portugal,Total,Percentage of active population,Total,8.8,
2008,Romania,Total,Thousand persons,Total,549,
2008,Romania,Total,Percentage of total population,Total,3.4,
2008,Romania,Total,Percentage of active population,Total,5.6,
2008,Slovenia,Total,Thousand persons,Total,46,
2008,Slovenia,Total,Percentage of total population,Total,2.8,
2008,Slovenia,Total,Percentage of active population,Total,4.4,
2008,Slovakia,Total,Thousand persons,Total,254,
2008,Slovakia,Total,Percentage of total population,Total,6.0,
2008,Slovakia,Total,Percentage of active population,Total,9.6,
2008,Finland,Total,Thousand persons,Total,172,
2008,Finland,Total,Percentage of total population,Total,4.3,
2008,Finland,Total,Percentage of active population,Total,6.4,
2008,Sweden,Total,Thousand persons,Total,305,
2008,Sweden,Total,Percentage of total population,Total,4.4,
2008,Sweden,Total,Percentage of active population,Total,6.2,
2008,United Kingdom,Total,Thousand persons,Total,1757,
2008,United Kingdom,Total,Percentage of total population,Total,3.9,
2008,United Kingdom,Total,Percentage of active population,Total,5.6,
2008,Iceland,Total,Thousand persons,Total,6,
2008,Iceland,Total,Percentage of total population,Total,2.4,
2008,Iceland,Total,Percentage of active population,Total,3.0,
2008,Norway,Total,Thousand persons,Total,66,
2008,Norway,Total,Percentage of total population,Total,1.9,
2008,Norway,Total,Percentage of active population,Total,2.5,
2008,Turkey,Total,Thousand persons,Total,2293,
2008,Turkey,Total,Percentage of total population,Total,4.7,
2008,Turkey,Total,Percentage of active population,Total,10.0,
2008,United States,Total,Thousand persons,Total,8924,
2008,United States,Total,Percentage of total population,Total,,
2008,United States,Total,Percentage of active population,Total,5.8,
2008,Japan,Total,Thousand persons,Total,2658,
2008,Japan,Total,Percentage of total population,Total,,
2008,Japan,Total,Percentage of active population,Total,4.0,
2009,European Union (28 countries),Total,Thousand persons,Total,21358,
2009,European Union (28 countries),Total,Percentage of total population,Total,5.6,
2009,European Union (28 countries),Total,Percentage of active population,Total,9.0,
2009,European Union (27 countries),Total,Thousand persons,Total,21180,
2009,European Union (27 countries),Total,Percentage of total population,Total,5.6,
2009,European Union (27 countries),Total,Percentage of active population,Total,9.0,
2009,European Union (25 countries),Total,Thousand persons,Total,20316,
2009,European Union (25 countries),Total,Percentage of total population,Total,5.7,
2009,European Union (25 countries),Total,Percentage of active population,Total,9.1,
2009,"Euro area (EA11-2000, EA12-2006, EA13-2007, EA15-2008, EA16-2010, EA17-2013, EA18-2014, EA19)",Total,Thousand persons,Total,14736,
2009,"Euro area (EA11-2000, EA12-2006, EA13-2007, EA15-2008, EA16-2010, EA17-2013, EA18-2014, EA19)",Total,Percentage of total population,Total,5.9,
2009,"Euro area (EA11-2000, EA12-2006, EA13-2007, EA15-2008, EA16-2010, EA17-2013, EA18-2014, EA19)",Total,Percentage of active population,Total,9.5,
2009,Euro area (19 countries),Total,Thousand persons,Total,15233,
2009,Euro area (19 countries),Total,Percentage of total population,Total,6.0,
2009,Euro area (19 countries),Total,Percentage of active population,Total,9.6,
2009,Euro area (18 countries),Total,Thousand persons,Total,15022,
2009,Euro area (18 countries),Total,Percentage of total population,Total,6.0,
2009,Euro area (18 countries),Total,Percentage of active population,Total,9.6,
2009,Belgium,Total,Thousand persons,Total,380,
2009,Belgium,Total,Percentage of total population,Total,4.7,
2009,Belgium,Total,Percentage of active population,Total,7.9,
2009,Bulgaria,Total,Thousand persons,Total,240,
2009,Bulgaria,Total,Percentage of total population,Total,4.0,
2009,Bulgaria,Total,Percentage of active population,Total,6.8,
2009,Czech Republic,Total,Thousand persons,Total,352,
2009,Czech Republic,Total,Percentage of total population,Total,4.2,
2009,Czech Republic,Total,Percentage of active population,Total,6.7,
2009,Denmark,Total,Thousand persons,Total,177,
2009,Denmark,Total,Percentage of total population,Total,4.3,
2009,Denmark,Total,Percentage of active population,Total,6.0,
2009,Germany (until 1990 former territory of the FRG),Total,Thousand persons,Total,3098,
2009,Germany (until 1990 former territory of the FRG),Total,Percentage of total population,Total,5.1,
2009,Germany (until 1990 former territory of the FRG),Total,Percentage of active population,Total,7.6,
2009,Estonia,Total,Thousand persons,Total,93,
2009,Estonia,Total,Percentage of total population,Total,9.0,
2009,Estonia,Total,Percentage of active population,Total,13.5,
2009,Ireland,Total,Thousand persons,Total,268,
2009,Ireland,Total,Percentage of total population,Total,7.9,
2009,Ireland,Total,Percentage of active population,Total,12.0,
2009,Greece,Total,Thousand persons,Total,485,
2009,Greece,Total,Percentage of total population,Total,5.7,
2009,Greece,Total,Percentage of active population,Total,9.6,
2009,Spain,Total,Thousand persons,Total,4154,
2009,Spain,Total,Percentage of total population,Total,11.7,
2009,Spain,Total,Percentage of active population,Total,17.9,
2009,France,Total,Thousand persons,Total,2622,
2009,France,Total,Percentage of total population,Total,5.5,
2009,France,Total,Percentage of active population,Total,9.1,
2009,Croatia,Total,Thousand persons,Total,178,
2009,Croatia,Total,Percentage of total population,Total,5.4,
2009,Croatia,Total,Percentage of active population,Total,9.2,
2009,Italy,Total,Thousand persons,Total,1907,
2009,Italy,Total,Percentage of total population,Total,4.2,
2009,Italy,Total,Percentage of active population,Total,7.7,
2009,Cyprus,Total,Thousand persons,Total,22,
2009,Cyprus,Total,Percentage of total population,Total,3.6,
2009,Cyprus,Total,Percentage of active population,Total,5.4,
2009,Latvia,Total,Thousand persons,Total,193,
2009,Latvia,Total,Percentage of total population,Total,11.5,
2009,Latvia,Total,Percentage of active population,Total,17.5,
2009,Lithuania,Total,Thousand persons,Total,211,
2009,Lithuania,Total,Percentage of total population,Total,8.6,
2009,Lithuania,Total,Percentage of active population,Total,13.8,
2009,Luxembourg,Total,Thousand persons,Total,12,
2009,Luxembourg,Total,Percentage of total population,Total,3.1,
2009,Luxembourg,Total,Percentage of active population,Total,5.1,
2009,Hungary,Total,Thousand persons,Total,418,
2009,Hungary,Total,Percentage of total population,Total,5.4,
2009,Hungary,Total,Percentage of active population,Total,10.0,
2009,Malta,Total,Thousand persons,Total,12,
2009,Malta,Total,Percentage of total population,Total,3.7,
2009,Malta,Total,Percentage of active population,Total,6.9,
2009,Netherlands,Total,Thousand persons,Total,381,
2009,Netherlands,Total,Percentage of total population,Total,2.5,
2009,Netherlands,Total,Percentage of active population,Total,4.4,
2009,Austria,Total,Thousand persons,Total,223,
2009,Austria,Total,Percentage of total population,Total,3.5,
2009,Austria,Total,Percentage of active population,Total,5.3,
2009,Poland,Total,Thousand persons,Total,1359,i
2009,Poland,Total,Percentage of total population,Total,4.8,i
2009,Poland,Total,Percentage of active population,Total,8.1,i
2009,Portugal,Total,Thousand persons,Total,574,
2009,Portugal,Total,Percentage of total population,Total,7.0,
2009,Portugal,Total,Percentage of active population,Total,10.7,
2009,Romania,Total,Thousand persons,Total,624,
2009,Romania,Total,Percentage of total population,Total,4.0,
2009,Romania,Total,Percentage of active population,Total,6.5,
2009,Slovenia,Total,Thousand persons,Total,61,
2009,Slovenia,Total,Percentage of total population,Total,3.8,
2009,Slovenia,Total,Percentage of active population,Total,5.9,
2009,Slovakia,Total,Thousand persons,Total,321,
2009,Slovakia,Total,Percentage of total population,Total,7.6,
2009,Slovakia,Total,Percentage of active population,Total,12.1,
2009,Finland,Total,Thousand persons,Total,221,
2009,Finland,Total,Percentage of total population,Total,5.5,
2009,Finland,Total,Percentage of active population,Total,8.2,
2009,Sweden,Total,Thousand persons,Total,408,
2009,Sweden,Total,Percentage of total population,Total,5.9,
2009,Sweden,Total,Percentage of active population,Total,8.3,
2009,United Kingdom,Total,Thousand persons,Total,2369,
2009,United Kingdom,Total,Percentage of total population,Total,5.2,
2009,United Kingdom,Total,Percentage of active population,Total,7.6,
2009,Iceland,Total,Thousand persons,Total,13,
2009,Iceland,Total,Percentage of total population,Total,5.8,
2009,Iceland,Total,Percentage of active population,Total,7.2,
2009,Norway,Total,Thousand persons,Total,82,
2009,Norway,Total,Percentage of total population,Total,2.3,
2009,Norway,Total,Percentage of active population,Total,3.2,
2009,Turkey,Total,Thousand persons,Total,3089,
2009,Turkey,Total,Percentage of total population,Total,6.1,
2009,Turkey,Total,Percentage of active population,Total,13.0,
2009,United States,Total,Thousand persons,Total,14264,
2009,United States,Total,Percentage of total population,Total,,
2009,United States,Total,Percentage of active population,Total,9.3,
2009,Japan,Total,Thousand persons,Total,3367,
2009,Japan,Total,Percentage of total population,Total,,
2009,Japan,Total,Percentage of active population,Total,5.1,
2010,European Union (28 countries),Total,Thousand persons,Total,22987,
2010,European Union (28 countries),Total,Percentage of total population,Total,6.0,
2010,European Union (28 countries),Total,Percentage of active population,Total,9.6,
2010,European Union (27 countries),Total,Thousand persons,Total,22765,
2010,European Union (27 countries),Total,Percentage of total population,Total,6.0,
2010,European Union (27 countries),Total,Percentage of active population,Total,9.6,
2010,European Union (25 countries),Total,Thousand persons,Total,21761,
2010,European Union (25 countries),Total,Percentage of total population,Total,6.1,
2010,European Union (25 countries),Total,Percentage of active population,Total,9.7,
2010,"Euro area (EA11-2000, EA12-2006, EA13-2007, EA15-2008, EA16-2010, EA17-2013, EA18-2014, EA19)",Total,Thousand persons,Total,15565,
2010,"Euro area (EA11-2000, EA12-2006, EA13-2007, EA15-2008, EA16-2010, EA17-2013, EA18-2014, EA19)",Total,Percentage of total population,Total,6.3,
2010,"Euro area (EA11-2000, EA12-2006, EA13-2007, EA15-2008, EA16-2010, EA17-2013, EA18-2014, EA19)",Total,Percentage of active population,Total,10.0,
2010,Euro area (19 countries),Total,Thousand persons,Total,16156,
2010,Euro area (19 countries),Total,Percentage of total population,Total,6.4,
2010,Euro area (19 countries),Total,Percentage of active population,Total,10.2,
2010,Euro area (18 countries),Total,Thousand persons,Total,15885,
2010,Euro area (18 countries),Total,Percentage of total population,Total,6.3,
2010,Euro area (18 countries),Total,Percentage of active population,Total,10.1,
2010,Belgium,Total,Thousand persons,Total,406,
2010,Belgium,Total,Percentage of total population,Total,5.0,
2010,Belgium,Total,Percentage of active population,Total,8.3,
2010,Bulgaria,Total,Thousand persons,Total,352,i
2010,Bulgaria,Total,Percentage of total population,Total,6.0,i
2010,Bulgaria,Total,Percentage of active population,Total,10.3,i
2010,Czech Republic,Total,Thousand persons,Total,384,
2010,Czech Republic,Total,Percentage of total population,Total,4.6,
2010,Czech Republic,Total,Percentage of active population,Total,7.3,
2010,Denmark,Total,Thousand persons,Total,218,
2010,Denmark,Total,Percentage of total population,Total,5.3,
2010,Denmark,Total,Percentage of active population,Total,7.5,
2010,Germany (until 1990 former territory of the FRG),Total,Thousand persons,Total,2821,
2010,Germany (until 1990 former territory of the FRG),Total,Percentage of total population,Total,4.6,
2010,Germany (until 1990 former territory of the FRG),Total,Percentage of active population,Total,7.0,
2010,Estonia,Total,Thousand persons,Total,114,
2010,Estonia,Total,Percentage of total population,Total,11.1,
2010,Estonia,Total,Percentage of active population,Total,16.7,
2010,Ireland,Total,Thousand persons,Total,303,
2010,Ireland,Total,Percentage of total population,Total,9.0,
2010,Ireland,Total,Percentage of active population,Total,13.9,
2010,Greece,Total,Thousand persons,Total,639,
2010,Greece,Total,Percentage of total population,Total,7.6,
2010,Greece,Total,Percentage of active population,Total,12.7,
2010,Spain,Total,Thousand persons,Total,4640,
2010,Spain,Total,Percentage of total population,Total,13.1,
2010,Spain,Total,Percentage of active population,Total,19.9,
2010,France,Total,Thousand persons,Total,2680,
2010,France,Total,Percentage of total population,Total,5.6,
2010,France,Total,Percentage of active population,Total,9.3,
2010,Croatia,Total,Thousand persons,Total,222,
2010,Croatia,Total,Percentage of total population,Total,6.7,
2010,Croatia,Total,Percentage of active population,Total,11.7,
2010,Italy,Total,Thousand persons,Total,2056,
2010,Italy,Total,Percentage of total population,Total,4.6,
2010,Italy,Total,Percentage of active population,Total,8.4,
2010,Cyprus,Total,Thousand persons,Total,26,
2010,Cyprus,Total,Percentage of total population,Total,4.3,
2010,Cyprus,Total,Percentage of active population,Total,6.3,
2010,Latvia,Total,Thousand persons,Total,206,
2010,Latvia,Total,Percentage of total population,Total,12.6,
2010,Latvia,Total,Percentage of active population,Total,19.5,
2010,Lithuania,Total,Thousand persons,Total,270,
2010,Lithuania,Total,Percentage of total population,Total,11.1,
2010,Lithuania,Total,Percentage of active population,Total,17.8,
2010,Luxembourg,Total,Thousand persons,Total,11,
2010,Luxembourg,Total,Percentage of total population,Total,2.7,
2010,Luxembourg,Total,Percentage of active population,Total,4.6,
2010,Hungary,Total,Thousand persons,Total,469,
2010,Hungary,Total,Percentage of total population,Total,6.1,
2010,Hungary,Total,Percentage of active population,Total,11.2,
2010,Malta,Total,Thousand persons,Total,12,
2010,Malta,Total,Percentage of total population,Total,3.7,
2010,Malta,Total,Percentage of active population,Total,6.9,
2010,Netherlands,Total,Thousand persons,Total,435,
2010,Netherlands,Total,Percentage of total population,Total,3.1,
2010,Netherlands,Total,Percentage of active population,Total,5.0,
2010,Austria,Total,Thousand persons,Total,203,
2010,Austria,Total,Percentage of total population,Total,3.2,
2010,Austria,Total,Percentage of active population,Total,4.8,
2010,Poland,Total,Thousand persons,Total,1650,
2010,Poland,Total,Percentage of total population,Total,5.8,
2010,Poland,Total,Percentage of active population,Total,9.7,
2010,Portugal,Total,Thousand persons,Total,645,
2010,Portugal,Total,Percentage of total population,Total,8.0,
2010,Portugal,Total,Percentage of active population,Total,12.0,
2010,Romania,Total,Thousand persons,Total,652,
2010,Romania,Total,Percentage of total population,Total,4.2,
2010,Romania,Total,Percentage of active population,Total,7.0,
2010,Slovenia,Total,Thousand persons,Total,75,
2010,Slovenia,Total,Percentage of total population,Total,4.7,
2010,Slovenia,Total,Percentage of active population,Total,7.3,
2010,Slovakia,Total,Thousand persons,Total,386,
2010,Slovakia,Total,Percentage of total population,Total,9.1,
2010,Slovakia,Total,Percentage of active population,Total,14.5,
2010,Finland,Total,Thousand persons,Total,224,
2010,Finland,Total,Percentage of total population,Total,5.6,
2010,Finland,Total,Percentage of active population,Total,8.4,
2010,Sweden,Total,Thousand persons,Total,425,
2010,Sweden,Total,Percentage of total population,Total,6.1,
2010,Sweden,Total,Percentage of active population,Total,8.6,
2010,United Kingdom,Total,Thousand persons,Total,2459,
2010,United Kingdom,Total,Percentage of total population,Total,5.3,
2010,United Kingdom,Total,Percentage of active population,Total,7.8,
2010,Iceland,Total,Thousand persons,Total,14,
2010,Iceland,Total,Percentage of total population,Total,6.1,
2010,Iceland,Total,Percentage of active population,Total,7.6,
2010,Norway,Total,Thousand persons,Total,93,
2010,Norway,Total,Percentage of total population,Total,2.5,
2010,Norway,Total,Percentage of active population,Total,3.6,
2010,Turkey,Total,Thousand persons,Total,2739,
2010,Turkey,Total,Percentage of total population,Total,5.3,
2010,Turkey,Total,Percentage of active population,Total,11.1,
2010,United States,Total,Thousand persons,Total,14825,
2010,United States,Total,Percentage of total population,Total,,
2010,United States,Total,Percentage of active population,Total,9.6,
2010,Japan,Total,Thousand persons,Total,3347,
2010,Japan,Total,Percentage of total population,Total,,
2010,Japan,Total,Percentage of active population,Total,5.0,
2011,European Union (28 countries),Total,Thousand persons,Total,23126,
2011,European Union (28 countries),Total,Percentage of total population,Total,6.1,
2011,European Union (28 countries),Total,Percentage of active population,Total,9.7,
2011,European Union (27 countries),Total,Thousand persons,Total,22868,
2011,European Union (27 countries),Total,Percentage of total population,Total,6.1,
2011,European Union (27 countries),Total,Percentage of active population,Total,9.6,
2011,European Union (25 countries),Total,Thousand persons,Total,21832,
2011,European Union (25 countries),Total,Percentage of total population,Total,6.2,
2011,European Union (25 countries),Total,Percentage of active population,Total,9.7,
2011,"Euro area (EA11-2000, EA12-2006, EA13-2007, EA15-2008, EA16-2010, EA17-2013, EA18-2014, EA19)",Total,Thousand persons,Total,15791,
2011,"Euro area (EA11-2000, EA12-2006, EA13-2007, EA15-2008, EA16-2010, EA17-2013, EA18-2014, EA19)",Total,Percentage of total population,Total,6.3,
2011,"Euro area (EA11-2000, EA12-2006, EA13-2007, EA15-2008, EA16-2010, EA17-2013, EA18-2014, EA19)",Total,Percentage of active population,Total,10.1,
2011,Euro area (19 countries),Total,Thousand persons,Total,16185,
2011,Euro area (19 countries),Total,Percentage of total population,Total,6.4,
2011,Euro area (19 countries),Total,Percentage of active population,Total,10.2,
2011,Euro area (18 countries),Total,Thousand persons,Total,15957,
2011,Euro area (18 countries),Total,Percentage of total population,Total,6.4,
2011,Euro area (18 countries),Total,Percentage of active population,Total,10.1,
2011,Belgium,Total,Thousand persons,Total,347,
2011,Belgium,Total,Percentage of total population,Total,4.2,
2011,Belgium,Total,Percentage of active population,Total,7.2,
2011,Bulgaria,Total,Thousand persons,Total,376,
2011,Bulgaria,Total,Percentage of total population,Total,6.5,
2011,Bulgaria,Total,Percentage of active population,Total,11.3,
2011,Czech Republic,Total,Thousand persons,Total,351,
2011,Czech Republic,Total,Percentage of total population,Total,4.2,
2011,Czech Republic,Total,Percentage of active population,Total,6.7,
2011,Denmark,Total,Thousand persons,Total,221,
2011,Denmark,Total,Percentage of total population,Total,5.3,
2011,Denmark,Total,Percentage of active population,Total,7.6,
2011,Germany (until 1990 former territory of the FRG),Total,Thousand persons,Total,2399,
2011,Germany (until 1990 former territory of the FRG),Total,Percentage of total population,Total,3.9,
2011,Germany (until 1990 former territory of the FRG),Total,Percentage of active population,Total,5.8,
2011,Estonia,Total,Thousand persons,Total,85,
2011,Estonia,Total,Percentage of total population,Total,8.3,
2011,Estonia,Total,Percentage of active population,Total,12.3,
2011,Ireland,Total,Thousand persons,Total,317,
2011,Ireland,Total,Percentage of total population,Total,9.4,
2011,Ireland,Total,Percentage of active population,Total,14.7,
2011,Greece,Total,Thousand persons,Total,882,
2011,Greece,Total,Percentage of total population,Total,10.6,
2011,Greece,Total,Percentage of active population,Total,17.9,
2011,Spain,Total,Thousand persons,Total,5013,
2011,Spain,Total,Percentage of total population,Total,14.2,
2011,Spain,Total,Percentage of active population,Total,21.4,
2011,France,Total,Thousand persons,Total,2665,
2011,France,Total,Percentage of total population,Total,5.5,
2011,France,Total,Percentage of active population,Total,9.2,
2011,Croatia,Total,Thousand persons,Total,257,
2011,Croatia,Total,Percentage of total population,Total,7.8,
2011,Croatia,Total,Percentage of active population,Total,13.7,
2011,Italy,Total,Thousand persons,Total,2061,
2011,Italy,Total,Percentage of total population,Total,4.6,
2011,Italy,Total,Percentage of active population,Total,8.4,
2011,Cyprus,Total,Thousand persons,Total,34,
2011,Cyprus,Total,Percentage of total population,Total,5.3,
2011,Cyprus,Total,Percentage of active population,Total,7.9,
2011,Latvia,Total,Thousand persons,Total,167,
2011,Latvia,Total,Percentage of total population,Total,10.4,
2011,Latvia,Total,Percentage of active population,Total,16.2,
2011,Lithuania,Total,Thousand persons,Total,228,
2011,Lithuania,Total,Percentage of total population,Total,9.8,
2011,Lithuania,Total,Percentage of active population,Total,15.4,
2011,Luxembourg,Total,Thousand persons,Total,11,
2011,Luxembourg,Total,Percentage of total population,Total,3.0,
2011,Luxembourg,Total,Percentage of active population,Total,4.8,
2011,Hungary,Total,Thousand persons,Total,466,
2011,Hungary,Total,Percentage of total population,Total,6.1,
2011,Hungary,Total,Percentage of active population,Total,11.0,
2011,Malta,Total,Thousand persons,Total,11,
2011,Malta,Total,Percentage of total population,Total,3.5,
2011,Malta,Total,Percentage of active population,Total,6.4,
2011,Netherlands,Total,Thousand persons,Total,434,
2011,Netherlands,Total,Percentage of total population,Total,3.5,
2011,Netherlands,Total,Percentage of active population,Total,5.0,
2011,Austria,Total,Thousand persons,Total,194,
2011,Austria,Total,Percentage of total population,Total,3.0,
2011,Austria,Total,Percentage of active population,Total,4.6,
2011,Poland,Total,Thousand persons,Total,1659,
2011,Poland,Total,Percentage of total population,Total,5.8,
2011,Poland,Total,Percentage of active population,Total,9.7,
2011,Portugal,Total,Thousand persons,Total,688,
2011,Portugal,Total,Percentage of total population,Total,8.6,
2011,Portugal,Total,Percentage of active population,Total,12.9,
2011,Romania,Total,Thousand persons,Total,659,
2011,Romania,Total,Percentage of total population,Total,4.2,
2011,Romania,Total,Percentage of active population,Total,7.2,
2011,Slovenia,Total,Thousand persons,Total,83,
2011,Slovenia,Total,Percentage of total population,Total,5.2,
2011,Slovenia,Total,Percentage of active population,Total,8.2,
2011,Slovakia,Total,Thousand persons,Total,363,i
2011,Slovakia,Total,Percentage of total population,Total,8.6,i
2011,Slovakia,Total,Percentage of active population,Total,13.7,i
2011,Finland,Total,Thousand persons,Total,209,
2011,Finland,Total,Percentage of total population,Total,5.2,
2011,Finland,Total,Percentage of active population,Total,7.8,
2011,Sweden,Total,Thousand persons,Total,390,
2011,Sweden,Total,Percentage of total population,Total,5.5,
2011,Sweden,Total,Percentage of active population,Total,7.8,
2011,United Kingdom,Total,Thousand persons,Total,2559,
2011,United Kingdom,Total,Percentage of total population,Total,5.5,
2011,United Kingdom,Total,Percentage of active population,Total,8.1,
2011,Iceland,Total,Thousand persons,Total,13,
2011,Iceland,Total,Percentage of total population,Total,5.6,
2011,Iceland,Total,Percentage of active population,Total,7.1,
2011,Norway,Total,Thousand persons,Total,87,
2011,Norway,Total,Percentage of total population,Total,2.3,
2011,Norway,Total,Percentage of active population,Total,3.3,
2011,Turkey,Total,Thousand persons,Total,2333,
2011,Turkey,Total,Percentage of total population,Total,4.5,
2011,Turkey,Total,Percentage of active population,Total,9.1,
2011,United States,Total,Thousand persons,Total,13747,
2011,United States,Total,Percentage of total population,Total,,
2011,United States,Total,Percentage of active population,Total,8.9,
2011,Japan,Total,Thousand persons,Total,3019,b
2011,Japan,Total,Percentage of total population,Total,,
2011,Japan,Total,Percentage of active population,Total,4.6,b
2012,European Union (28 countries),Total,Thousand persons,Total,25271,
2012,European Union (28 countries),Total,Percentage of total population,Total,6.7,
2012,European Union (28 countries),Total,Percentage of active population,Total,10.5,
2012,European Union (27 countries),Total,Thousand persons,Total,24974,
2012,European Union (27 countries),Total,Percentage of total population,Total,6.6,
2012,European Union (27 countries),Total,Percentage of active population,Total,10.4,
2012,European Union (25 countries),Total,Thousand persons,Total,23936,
2012,European Union (25 countries),Total,Percentage of total population,Total,6.7,
2012,European Union (25 countries),Total,Percentage of active population,Total,10.6,
2012,"Euro area (EA11-2000, EA12-2006, EA13-2007, EA15-2008, EA16-2010, EA17-2013, EA18-2014, EA19)",Total,Thousand persons,Total,17840,
2012,"Euro area (EA11-2000, EA12-2006, EA13-2007, EA15-2008, EA16-2010, EA17-2013, EA18-2014, EA19)",Total,Percentage of total population,Total,7.2,
2012,"Euro area (EA11-2000, EA12-2006, EA13-2007, EA15-2008, EA16-2010, EA17-2013, EA18-2014, EA19)",Total,Percentage of active population,Total,11.3,
2012,Euro area (19 countries),Total,Thousand persons,Total,18192,
2012,Euro area (19 countries),Total,Percentage of total population,Total,7.2,
2012,Euro area (19 countries),Total,Percentage of active population,Total,11.4,
2012,Euro area (18 countries),Total,Thousand persons,Total,17995,
2012,Euro area (18 countries),Total,Percentage of total population,Total,7.2,
2012,Euro area (18 countries),Total,Percentage of active population,Total,11.4,
2012,Belgium,Total,Thousand persons,Total,369,
2012,Belgium,Total,Percentage of total population,Total,4.5,
2012,Belgium,Total,Percentage of active population,Total,7.6,
2012,Bulgaria,Total,Thousand persons,Total,410,
2012,Bulgaria,Total,Percentage of total population,Total,7.2,
2012,Bulgaria,Total,Percentage of active population,Total,12.3,
2012,Czech Republic,Total,Thousand persons,Total,367,
2012,Czech Republic,Total,Percentage of total population,Total,4.4,
2012,Czech Republic,Total,Percentage of active population,Total,7.0,
2012,Denmark,Total,Thousand persons,Total,219,
2012,Denmark,Total,Percentage of total population,Total,5.2,
2012,Denmark,Total,Percentage of active population,Total,7.5,
2012,Germany (until 1990 former territory of the FRG),Total,Thousand persons,Total,2224,
2012,Germany (until 1990 former territory of the FRG),Total,Percentage of total population,Total,3.6,
2012,Germany (until 1990 former territory of the FRG),Total,Percentage of active population,Total,5.4,
2012,Estonia,Total,Thousand persons,Total,68,
2012,Estonia,Total,Percentage of total population,Total,6.8,
2012,Estonia,Total,Percentage of active population,Total,10.0,
2012,Ireland,Total,Thousand persons,Total,316,
2012,Ireland,Total,Percentage of total population,Total,9.4,
2012,Ireland,Total,Percentage of active population,Total,14.7,
2012,Greece,Total,Thousand persons,Total,1195,
2012,Greece,Total,Percentage of total population,Total,14.5,
2012,Greece,Total,Percentage of active population,Total,24.5,
2012,Spain,Total,Thousand persons,Total,5811,
2012,Spain,Total,Percentage of total population,Total,16.5,
2012,Spain,Total,Percentage of active population,Total,24.8,
2012,France,Total,Thousand persons,Total,2855,
2012,France,Total,Percentage of total population,Total,5.9,
2012,France,Total,Percentage of active population,Total,9.8,
2012,Croatia,Total,Thousand persons,Total,297,
2012,Croatia,Total,Percentage of total population,Total,9.1,
2012,Croatia,Total,Percentage of active population,Total,16.0,
2012,Italy,Total,Thousand persons,Total,2691,
2012,Italy,Total,Percentage of total population,Total,5.9,
2012,Italy,Total,Percentage of active population,Total,10.7,
2012,Cyprus,Total,Thousand persons,Total,52,
2012,Cyprus,Total,Percentage of total population,Total,8.0,
2012,Cyprus,Total,Percentage of active population,Total,11.9,
2012,Latvia,Total,Thousand persons,Total,155,
2012,Latvia,Total,Percentage of total population,Total,9.9,
2012,Latvia,Total,Percentage of active population,Total,15.0,
2012,Lithuania,Total,Thousand persons,Total,197,
2012,Lithuania,Total,Percentage of total population,Total,8.6,
2012,Lithuania,Total,Percentage of active population,Total,13.4,
2012,Luxembourg,Total,Thousand persons,Total,13,
2012,Luxembourg,Total,Percentage of total population,Total,3.2,
2012,Luxembourg,Total,Percentage of active population,Total,5.1,
2012,Hungary,Total,Thousand persons,Total,473,
2012,Hungary,Total,Percentage of total population,Total,6.2,
2012,Hungary,Total,Percentage of active population,Total,11.0,
2012,Malta,Total,Thousand persons,Total,11,
2012,Malta,Total,Percentage of total population,Total,3.5,
2012,Malta,Total,Percentage of active population,Total,6.3,
2012,Netherlands,Total,Thousand persons,Total,516,
2012,Netherlands,Total,Percentage of total population,Total,4.1,
2012,Netherlands,Total,Percentage of active population,Total,5.8,
2012,Austria,Total,Thousand persons,Total,209,
2012,Austria,Total,Percentage of total population,Total,3.2,
2012,Austria,Total,Percentage of active population,Total,4.9,
2012,Poland,Total,Thousand persons,Total,1749,
2012,Poland,Total,Percentage of total population,Total,6.1,
2012,Poland,Total,Percentage of active population,Total,10.1,
2012,Portugal,Total,Thousand persons,Total,835,
2012,Portugal,Total,Percentage of total population,Total,10.5,
2012,Portugal,Total,Percentage of active population,Total,15.8,
2012,Romania,Total,Thousand persons,Total,627,
2012,Romania,Total,Percentage of total population,Total,4.1,
2012,Romania,Total,Percentage of active population,Total,6.8,
2012,Slovenia,Total,Thousand persons,Total,90,
2012,Slovenia,Total,Percentage of total population,Total,5.6,
2012,Slovenia,Total,Percentage of active population,Total,8.9,
2012,Slovakia,Total,Thousand persons,Total,378,
2012,Slovakia,Total,Percentage of total population,Total,8.8,
2012,Slovakia,Total,Percentage of active population,Total,14.0,
2012,Finland,Total,Thousand persons,Total,207,
2012,Finland,Total,Percentage of total population,Total,5.1,
2012,Finland,Total,Percentage of active population,Total,7.7,
2012,Sweden,Total,Thousand persons,Total,403,
2012,Sweden,Total,Percentage of total population,Total,5.7,
2012,Sweden,Total,Percentage of active population,Total,8.0,
2012,United Kingdom,Total,Thousand persons,Total,2534,
2012,United Kingdom,Total,Percentage of total population,Total,5.4,
2012,United Kingdom,Total,Percentage of active population,Total,7.9,
2012,Iceland,Total,Thousand persons,Total,11,
2012,Iceland,Total,Percentage of total population,Total,4.8,
2012,Iceland,Total,Percentage of active population,Total,6.0,
2012,Norway,Total,Thousand persons,Total,85,
2012,Norway,Total,Percentage of total population,Total,2.2,
2012,Norway,Total,Percentage of active population,Total,3.2,
2012,Turkey,Total,Thousand persons,Total,2203,
2012,Turkey,Total,Percentage of total population,Total,4.2,
2012,Turkey,Total,Percentage of active population,Total,8.4,
2012,United States,Total,Thousand persons,Total,12506,
2012,United States,Total,Percentage of total population,Total,,
2012,United States,Total,Percentage of active population,Total,8.1,
2012,Japan,Total,Thousand persons,Total,2848,
2012,Japan,Total,Percentage of total population,Total,,
2012,Japan,Total,Percentage of active population,Total,4.3,
2013,European Union (28 countries),Total,Thousand persons,Total,26299,
2013,European Union (28 countries),Total,Percentage of total population,Total,6.9,
2013,European Union (28 countries),Total,Percentage of active population,Total,10.9,
2013,European Union (27 countries),Total,Thousand persons,Total,25981,
2013,European Union (27 countries),Total,Percentage of total population,Total,6.9,
2013,European Union (27 countries),Total,Percentage of active population,Total,10.8,
2013,European Union (25 countries),Total,Thousand persons,Total,24892,
2013,European Union (25 countries),Total,Percentage of total population,Total,7.0,
2013,European Union (25 countries),Total,Percentage of active population,Total,10.9,
2013,"Euro area (EA11-2000, EA12-2006, EA13-2007, EA15-2008, EA16-2010, EA17-2013, EA18-2014, EA19)",Total,Thousand persons,Total,18949,
2013,"Euro area (EA11-2000, EA12-2006, EA13-2007, EA15-2008, EA16-2010, EA17-2013, EA18-2014, EA19)",Total,Percentage of total population,Total,7.6,
2013,"Euro area (EA11-2000, EA12-2006, EA13-2007, EA15-2008, EA16-2010, EA17-2013, EA18-2014, EA19)",Total,Percentage of active population,Total,12.0,
2013,Euro area (19 countries),Total,Thousand persons,Total,19241,
2013,Euro area (19 countries),Total,Percentage of total population,Total,7.6,
2013,Euro area (19 countries),Total,Percentage of active population,Total,12.0,
2013,Euro area (18 countries),Total,Thousand persons,Total,19069,
2013,Euro area (18 countries),Total,Percentage of total population,Total,7.6,
2013,Euro area (18 countries),Total,Percentage of active population,Total,12.0,
2013,Belgium,Total,Thousand persons,Total,417,
2013,Belgium,Total,Percentage of total population,Total,5.1,
2013,Belgium,Total,Percentage of active population,Total,8.4,
2013,Bulgaria,Total,Thousand persons,Total,436,
2013,Bulgaria,Total,Percentage of total population,Total,7.7,
2013,Bulgaria,Total,Percentage of active population,Total,13.0,
2013,Czech Republic,Total,Thousand persons,Total,370,
2013,Czech Republic,Total,Percentage of total population,Total,4.5,
2013,Czech Republic,Total,Percentage of active population,Total,7.0,
2013,Denmark,Total,Thousand persons,Total,202,
2013,Denmark,Total,Percentage of total population,Total,4.8,
2013,Denmark,Total,Percentage of active population,Total,7.0,
2013,Germany (until 1990 former territory of the FRG),Total,Thousand persons,Total,2182,
2013,Germany (until 1990 former territory of the FRG),Total,Percentage of total population,Total,3.6,
2013,Germany (until 1990 former territory of the FRG),Total,Percentage of active population,Total,5.2,
2013,Estonia,Total,Thousand persons,Total,59,
2013,Estonia,Total,Percentage of total population,Total,5.9,
2013,Estonia,Total,Percentage of active population,Total,8.6,
2013,Ireland,Total,Thousand persons,Total,282,
2013,Ireland,Total,Percentage of total population,Total,8.4,
2013,Ireland,Total,Percentage of active population,Total,13.1,
2013,Greece,Total,Thousand persons,Total,1330,
2013,Greece,Total,Percentage of total population,Total,16.3,
2013,Greece,Total,Percentage of active population,Total,27.5,
2013,Spain,Total,Thousand persons,Total,6051,
2013,Spain,Total,Percentage of total population,Total,17.3,
2013,Spain,Total,Percentage of active population,Total,26.1,
2013,France,Total,Thousand persons,Total,3023,
2013,France,Total,Percentage of total population,Total,6.2,
2013,France,Total,Percentage of active population,Total,10.3,
2013,Croatia,Total,Thousand persons,Total,318,
2013,Croatia,Total,Percentage of total population,Total,9.8,
2013,Croatia,Total,Percentage of active population,Total,17.3,
2013,Italy,Total,Thousand persons,Total,3069,
2013,Italy,Total,Percentage of total population,Total,6.7,
2013,Italy,Total,Percentage of active population,Total,12.1,
2013,Cyprus,Total,Thousand persons,Total,69,
2013,Cyprus,Total,Percentage of total population,Total,10.7,
2013,Cyprus,Total,Percentage of active population,Total,15.9,
2013,Latvia,Total,Thousand persons,Total,120,
2013,Latvia,Total,Percentage of total population,Total,7.8,
2013,Latvia,Total,Percentage of active population,Total,11.9,
2013,Lithuania,Total,Thousand persons,Total,172,
2013,Lithuania,Total,Percentage of total population,Total,7.6,
2013,Lithuania,Total,Percentage of active population,Total,11.8,
2013,Luxembourg,Total,Thousand persons,Total,15,
2013,Luxembourg,Total,Percentage of total population,Total,3.7,
2013,Luxembourg,Total,Percentage of active population,Total,5.9,
2013,Hungary,Total,Thousand persons,Total,441,
2013,Hungary,Total,Percentage of total population,Total,5.8,
2013,Hungary,Total,Percentage of active population,Total,10.2,
2013,Malta,Total,Thousand persons,Total,12,
2013,Malta,Total,Percentage of total population,Total,3.7,
2013,Malta,Total,Percentage of active population,Total,6.4,
2013,Netherlands,Total,Thousand persons,Total,647,
2013,Netherlands,Total,Percentage of total population,Total,5.1,
2013,Netherlands,Total,Percentage of active population,Total,7.3,
2013,Austria,Total,Thousand persons,Total,231,
2013,Austria,Total,Percentage of total population,Total,3.6,
2013,Austria,Total,Percentage of active population,Total,5.4,
2013,Poland,Total,Thousand persons,Total,1793,
2013,Poland,Total,Percentage of total population,Total,6.3,
2013,Poland,Total,Percentage of active population,Total,10.3,
2013,Portugal,Total,Thousand persons,Total,855,
2013,Portugal,Total,Percentage of total population,Total,10.8,
2013,Portugal,Total,Percentage of active population,Total,16.4,
2013,Romania,Total,Thousand persons,Total,653,
2013,Romania,Total,Percentage of total population,Total,4.2,
2013,Romania,Total,Percentage of active population,Total,7.1,
2013,Slovenia,Total,Thousand persons,Total,102,
2013,Slovenia,Total,Percentage of total population,Total,6.4,
2013,Slovenia,Total,Percentage of active population,Total,10.1,
2013,Slovakia,Total,Thousand persons,Total,386,
2013,Slovakia,Total,Percentage of total population,Total,9.0,
2013,Slovakia,Total,Percentage of active population,Total,14.2,
2013,Finland,Total,Thousand persons,Total,219,
2013,Finland,Total,Percentage of total population,Total,5.4,
2013,Finland,Total,Percentage of active population,Total,8.2,
2013,Sweden,Total,Thousand persons,Total,411,
2013,Sweden,Total,Percentage of total population,Total,5.8,
2013,Sweden,Total,Percentage of active population,Total,8.0,
2013,United Kingdom,Total,Thousand persons,Total,2438,
2013,United Kingdom,Total,Percentage of total population,Total,5.2,
2013,United Kingdom,Total,Percentage of active population,Total,7.6,
2013,Iceland,Total,Thousand persons,Total,10,
2013,Iceland,Total,Percentage of total population,Total,4.3,
2013,Iceland,Total,Percentage of active population,Total,5.4,
2013,Norway,Total,Thousand persons,Total,95,
2013,Norway,Total,Percentage of total population,Total,2.4,
2013,Norway,Total,Percentage of active population,Total,3.5,
2013,Turkey,Total,Thousand persons,Total,2449,
2013,Turkey,Total,Percentage of total population,Total,4.6,
2013,Turkey,Total,Percentage of active population,Total,9.0,
2013,United States,Total,Thousand persons,Total,11459,
2013,United States,Total,Percentage of total population,Total,,
2013,United States,Total,Percentage of active population,Total,7.4,
2013,Japan,Total,Thousand persons,Total,2652,
2013,Japan,Total,Percentage of total population,Total,,
2013,Japan,Total,Percentage of active population,Total,4.0,
2014,European Union (28 countries),Total,Thousand persons,Total,24812,
2014,European Union (28 countries),Total,Percentage of total population,Total,6.5,
2014,European Union (28 countries),Total,Percentage of active population,Total,10.2,
2014,European Union (27 countries),Total,Thousand persons,Total,24484,
2014,European Union (27 countries),Total,Percentage of total population,Total,6.5,
2014,European Union (27 countries),Total,Percentage of active population,Total,10.2,
2014,European Union (25 countries),Total,Thousand persons,Total,23471,
2014,European Union (25 countries),Total,Percentage of total population,Total,6.6,
2014,European Union (25 countries),Total,Percentage of active population,Total,10.3,
2014,"Euro area (EA11-2000, EA12-2006, EA13-2007, EA15-2008, EA16-2010, EA17-2013, EA18-2014, EA19)",Total,Thousand persons,Total,18482,
2014,"Euro area (EA11-2000, EA12-2006, EA13-2007, EA15-2008, EA16-2010, EA17-2013, EA18-2014, EA19)",Total,Percentage of total population,Total,7.4,
2014,"Euro area (EA11-2000, EA12-2006, EA13-2007, EA15-2008, EA16-2010, EA17-2013, EA18-2014, EA19)",Total,Percentage of active population,Total,11.6,
2014,Euro area (19 countries),Total,Thousand persons,Total,18640,
2014,Euro area (19 countries),Total,Percentage of total population,Total,7.4,
2014,Euro area (19 countries),Total,Percentage of active population,Total,11.6,
2014,Euro area (18 countries),Total,Thousand persons,Total,18482,
2014,Euro area (18 countries),Total,Percentage of total population,Total,7.4,
2014,Euro area (18 countries),Total,Percentage of active population,Total,11.6,
2014,Belgium,Total,Thousand persons,Total,423,
2014,Belgium,Total,Percentage of total population,Total,5.1,
2014,Belgium,Total,Percentage of active population,Total,8.5,
2014,Bulgaria,Total,Thousand persons,Total,385,
2014,Bulgaria,Total,Percentage of total population,Total,6.9,
2014,Bulgaria,Total,Percentage of active population,Total,11.4,
2014,Czech Republic,Total,Thousand persons,Total,324,
2014,Czech Republic,Total,Percentage of total population,Total,3.9,
2014,Czech Republic,Total,Percentage of active population,Total,6.1,
2014,Denmark,Total,Thousand persons,Total,191,
2014,Denmark,Total,Percentage of total population,Total,4.5,
2014,Denmark,Total,Percentage of active population,Total,6.6,
2014,Germany (until 1990 former territory of the FRG),Total,Thousand persons,Total,2090,
2014,Germany (until 1990 former territory of the FRG),Total,Percentage of total population,Total,3.4,
2014,Germany (until 1990 former territory of the FRG),Total,Percentage of active population,Total,5.0,
2014,Estonia,Total,Thousand persons,Total,50,
2014,Estonia,Total,Percentage of total population,Total,5.0,
2014,Estonia,Total,Percentage of active population,Total,7.4,
2014,Ireland,Total,Thousand persons,Total,243,
2014,Ireland,Total,Percentage of total population,Total,7.3,
2014,Ireland,Total,Percentage of active population,Total,11.3,
2014,Greece,Total,Thousand persons,Total,1274,
2014,Greece,Total,Percentage of total population,Total,15.7,
2014,Greece,Total,Percentage of active population,Total,26.5,
2014,Spain,Total,Thousand persons,Total,5610,
2014,Spain,Total,Percentage of total population,Total,16.0,
2014,Spain,Total,Percentage of active population,Total,24.5,
2014,France,Total,Thousand persons,Total,3035,
2014,France,Total,Percentage of total population,Total,6.3,
2014,France,Total,Percentage of active population,Total,10.3,
2014,Croatia,Total,Thousand persons,Total,327,
2014,Croatia,Total,Percentage of total population,Total,10.1,
2014,Croatia,Total,Percentage of active population,Total,17.3,
2014,Italy,Total,Thousand persons,Total,3236,
2014,Italy,Total,Percentage of total population,Total,7.1,
2014,Italy,Total,Percentage of active population,Total,12.7,
2014,Cyprus,Total,Thousand persons,Total,70,
2014,Cyprus,Total,Percentage of total population,Total,11.0,
2014,Cyprus,Total,Percentage of active population,Total,16.1,
2014,Latvia,Total,Thousand persons,Total,108,
2014,Latvia,Total,Percentage of total population,Total,7.2,
2014,Latvia,Total,Percentage of active population,Total,10.8,
2014,Lithuania,Total,Thousand persons,Total,158,
2014,Lithuania,Total,Percentage of total population,Total,7.1,
2014,Lithuania,Total,Percentage of active population,Total,10.7,
2014,Luxembourg,Total,Thousand persons,Total,16,
2014,Luxembourg,Total,Percentage of total population,Total,3.7,
2014,Luxembourg,Total,Percentage of active population,Total,6.0,
2014,Hungary,Total,Thousand persons,Total,343,
2014,Hungary,Total,Percentage of total population,Total,4.5,
2014,Hungary,Total,Percentage of active population,Total,7.7,
2014,Malta,Total,Thousand persons,Total,11,
2014,Malta,Total,Percentage of total population,Total,3.4,
2014,Malta,Total,Percentage of active population,Total,5.8,
2014,Netherlands,Total,Thousand persons,Total,660,
2014,Netherlands,Total,Percentage of total population,Total,5.2,
2014,Netherlands,Total,Percentage of active population,Total,7.4,
2014,Austria,Total,Thousand persons,Total,245,
2014,Austria,Total,Percentage of total population,Total,3.8,
2014,Austria,Total,Percentage of active population,Total,5.6,
2014,Poland,Total,Thousand persons,Total,1567,
2014,Poland,Total,Percentage of total population,Total,5.5,
2014,Poland,Total,Percentage of active population,Total,9.0,
2014,Portugal,Total,Thousand persons,Total,729,
2014,Portugal,Total,Percentage of total population,Total,9.2,
2014,Portugal,Total,Percentage of active population,Total,14.1,
2014,Romania,Total,Thousand persons,Total,629,
2014,Romania,Total,Percentage of total population,Total,4.1,
2014,Romania,Total,Percentage of active population,Total,6.8,
2014,Slovenia,Total,Thousand persons,Total,98,
2014,Slovenia,Total,Percentage of total population,Total,6.2,
2014,Slovenia,Total,Percentage of active population,Total,9.7,
2014,Slovakia,Total,Thousand persons,Total,359,
2014,Slovakia,Total,Percentage of total population,Total,8.4,
2014,Slovakia,Total,Percentage of active population,Total,13.2,
2014,Finland,Total,Thousand persons,Total,232,
2014,Finland,Total,Percentage of total population,Total,5.7,
2014,Finland,Total,Percentage of active population,Total,8.7,
2014,Sweden,Total,Thousand persons,Total,411,
2014,Sweden,Total,Percentage of total population,Total,5.7,
2014,Sweden,Total,Percentage of active population,Total,7.9,
2014,United Kingdom,Total,Thousand persons,Total,1996,
2014,United Kingdom,Total,Percentage of total population,Total,4.2,
2014,United Kingdom,Total,Percentage of active population,Total,6.1,
2014,Iceland,Total,Thousand persons,Total,9,
2014,Iceland,Total,Percentage of total population,Total,4.0,
2014,Iceland,Total,Percentage of active population,Total,5.0,
2014,Norway,Total,Thousand persons,Total,96,
2014,Norway,Total,Percentage of total population,Total,2.5,
2014,Norway,Total,Percentage of active population,Total,3.5,
2014,Turkey,Total,Thousand persons,Total,2860,
2014,Turkey,Total,Percentage of total population,Total,5.2,
2014,Turkey,Total,Percentage of active population,Total,9.9,
2014,United States,Total,Thousand persons,Total,9616,
2014,United States,Total,Percentage of total population,Total,,
2014,United States,Total,Percentage of active population,Total,6.2,
2014,Japan,Total,Thousand persons,Total,2360,
2014,Japan,Total,Percentage of total population,Total,,
2014,Japan,Total,Percentage of active population,Total,3.6,
2015,European Union (28 countries),Total,Thousand persons,Total,22887,
2015,European Union (28 countries),Total,Percentage of total population,Total,6.0,
2015,European Union (28 countries),Total,Percentage of active population,Total,9.4,
2015,European Union (27 countries),Total,Thousand persons,Total,22578,
2015,European Union (27 countries),Total,Percentage of total population,Total,6.0,
2015,European Union (27 countries),Total,Percentage of active population,Total,9.4,
2015,European Union (25 countries),Total,Thousand persons,Total,21649,
2015,European Union (25 countries),Total,Percentage of total population,Total,6.1,
2015,European Union (25 countries),Total,Percentage of active population,Total,9.5,
2015,"Euro area (EA11-2000, EA12-2006, EA13-2007, EA15-2008, EA16-2010, EA17-2013, EA18-2014, EA19)",Total,Thousand persons,Total,17454,
2015,"Euro area (EA11-2000, EA12-2006, EA13-2007, EA15-2008, EA16-2010, EA17-2013, EA18-2014, EA19)",Total,Percentage of total population,Total,6.9,
2015,"Euro area (EA11-2000, EA12-2006, EA13-2007, EA15-2008, EA16-2010, EA17-2013, EA18-2014, EA19)",Total,Percentage of active population,Total,10.9,
2015,Euro area (19 countries),Total,Thousand persons,Total,17454,
2015,Euro area (19 countries),Total,Percentage of total population,Total,6.9,
2015,Euro area (19 countries),Total,Percentage of active population,Total,10.9,
2015,Euro area (18 countries),Total,Thousand persons,Total,17320,
2015,Euro area (18 countries),Total,Percentage of total population,Total,6.9,
2015,Euro area (18 countries),Total,Percentage of active population,Total,10.9,
2015,Belgium,Total,Thousand persons,Total,422,
2015,Belgium,Total,Percentage of total population,Total,5.1,
2015,Belgium,Total,Percentage of active population,Total,8.5,
2015,Bulgaria,Total,Thousand persons,Total,305,
2015,Bulgaria,Total,Percentage of total population,Total,5.5,
2015,Bulgaria,Total,Percentage of active population,Total,9.2,
2015,Czech Republic,Total,Thousand persons,Total,268,
2015,Czech Republic,Total,Percentage of total population,Total,3.3,
2015,Czech Republic,Total,Percentage of active population,Total,5.1,
2015,Denmark,Total,Thousand persons,Total,181,
2015,Denmark,Total,Percentage of total population,Total,4.2,
2015,Denmark,Total,Percentage of active population,Total,6.2,
2015,Germany (until 1990 former territory of the FRG),Total,Thousand persons,Total,1950,
2015,Germany (until 1990 former territory of the FRG),Total,Percentage of total population,Total,3.2,
2015,Germany (until 1990 former territory of the FRG),Total,Percentage of active population,Total,4.6,
2015,Estonia,Total,Thousand persons,Total,42,
2015,Estonia,Total,Percentage of total population,Total,4.3,
2015,Estonia,Total,Percentage of active population,Total,6.2,
2015,Ireland,Total,Thousand persons,Total,204,
2015,Ireland,Total,Percentage of total population,Total,6.1,
2015,Ireland,Total,Percentage of active population,Total,9.4,
2015,Greece,Total,Thousand persons,Total,1197,
2015,Greece,Total,Percentage of total population,Total,14.8,
2015,Greece,Total,Percentage of active population,Total,24.9,
2015,Spain,Total,Thousand persons,Total,5056,
2015,Spain,Total,Percentage of total population,Total,14.5,
2015,Spain,Total,Percentage of active population,Total,22.1,
2015,France,Total,Thousand persons,Total,3057,
2015,France,Total,Percentage of total population,Total,6.3,
2015,France,Total,Percentage of active population,Total,10.4,
2015,Croatia,Total,Thousand persons,Total,309,
2015,Croatia,Total,Percentage of total population,Total,9.6,
2015,Croatia,Total,Percentage of active population,Total,16.3,
2015,Italy,Total,Thousand persons,Total,3032,
2015,Italy,Total,Percentage of total population,Total,6.7,
2015,Italy,Total,Percentage of active population,Total,11.9,
2015,Cyprus,Total,Thousand persons,Total,63,
2015,Cyprus,Total,Percentage of total population,Total,10.0,
2015,Cyprus,Total,Percentage of active population,Total,15.0,
2015,Latvia,Total,Thousand persons,Total,98,
2015,Latvia,Total,Percentage of total population,Total,6.7,
2015,Latvia,Total,Percentage of active population,Total,9.9,
2015,Lithuania,Total,Thousand persons,Total,134,
2015,Lithuania,Total,Percentage of total population,Total,6.1,
2015,Lithuania,Total,Percentage of active population,Total,9.1,
2015,Luxembourg,Total,Thousand persons,Total,18,
2015,Luxembourg,Total,Percentage of total population,Total,4.3,
2015,Luxembourg,Total,Percentage of active population,Total,6.4,
2015,Hungary,Total,Thousand persons,Total,308,
2015,Hungary,Total,Percentage of total population,Total,4.1,
2015,Hungary,Total,Percentage of active population,Total,6.8,
2015,Malta,Total,Thousand persons,Total,11,
2015,Malta,Total,Percentage of total population,Total,3.2,
2015,Malta,Total,Percentage of active population,Total,5.4,
2015,Netherlands,Total,Thousand persons,Total,614,
2015,Netherlands,Total,Percentage of total population,Total,4.8,
2015,Netherlands,Total,Percentage of active population,Total,6.9,
2015,Austria,Total,Thousand persons,Total,252,
2015,Austria,Total,Percentage of total population,Total,3.8,
2015,Austria,Total,Percentage of active population,Total,5.7,
2015,Poland,Total,Thousand persons,Total,1304,
2015,Poland,Total,Percentage of total population,Total,4.6,
2015,Poland,Total,Percentage of active population,Total,7.5,
2015,Portugal,Total,Thousand persons,Total,648,
2015,Portugal,Total,Percentage of total population,Total,8.3,
2015,Portugal,Total,Percentage of active population,Total,12.6,
2015,Romania,Total,Thousand persons,Total,624,
2015,Romania,Total,Percentage of total population,Total,4.1,
2015,Romania,Total,Percentage of active population,Total,6.8,
2015,Slovenia,Total,Thousand persons,Total,90,
2015,Slovenia,Total,Percentage of total population,Total,5.7,
2015,Slovenia,Total,Percentage of active population,Total,9.0,
2015,Slovakia,Total,Thousand persons,Total,314,
2015,Slovakia,Total,Percentage of total population,Total,7.3,
2015,Slovakia,Total,Percentage of active population,Total,11.5,
2015,Finland,Total,Thousand persons,Total,252,
2015,Finland,Total,Percentage of total population,Total,6.2,
2015,Finland,Total,Percentage of active population,Total,9.4,
2015,Sweden,Total,Thousand persons,Total,387,
2015,Sweden,Total,Percentage of total population,Total,5.4,
2015,Sweden,Total,Percentage of active population,Total,7.4,
2015,United Kingdom,Total,Thousand persons,Total,1747,
2015,United Kingdom,Total,Percentage of total population,Total,3.7,
2015,United Kingdom,Total,Percentage of active population,Total,5.3,
2015,Iceland,Total,Thousand persons,Total,8,
2015,Iceland,Total,Percentage of total population,Total,3.3,
2015,Iceland,Total,Percentage of active population,Total,4.0,
2015,Norway,Total,Thousand persons,Total,121,
2015,Norway,Total,Percentage of total population,Total,3.1,
2015,Norway,Total,Percentage of active population,Total,4.4,
2015,Turkey,Total,Thousand persons,Total,3054,
2015,Turkey,Total,Percentage of total population,Total,5.5,
2015,Turkey,Total,Percentage of active population,Total,10.3,
2015,United States,Total,Thousand persons,Total,8297,
2015,United States,Total,Percentage of total population,Total,,
2015,United States,Total,Percentage of active population,Total,5.3,
2015,Japan,Total,Thousand persons,Total,2214,
2015,Japan,Total,Percentage of total population,Total,,
2015,Japan,Total,Percentage of active population,Total,3.4,
